text_id,category_label,query1,query2,query3,query4,query5,query6,query7,query8,query9,query10,query11,query12,query13,query14,query15,query16,query17,query18,query19,query20
1,alt,1,0,0,0,0,0,0,0,0,0,0,0,0,0,0,0,0,0,0,0
2,alt,1,0,0,0,0,0,0,0,0,0,0,0,0,0,0,0,0,0,0,0
3,alt,1,0,0,0,0,0,0,0,0,0,0,0,0,0,0,0,0,0,0,0
4,alt,1,0,0,0,0,0,0,0,0,0,0,0,0,0,0,0,0,0,0,0
5,alt,1,0,0,0,0,0,0,0,0,0,0,0,0,0,0,0,0,0,0,0
6,alt,1,0,0,0,0,0,0,0,0,0,0,0,0,0,0,0,0,0,0,0
7,alt,1,0,0,0,0,0,0,0,0,0,0,0,0,0,0,0,0,0,0,0
8,alt,1,0,0,0,0,0,0,0,0,0,0,0,0,0,0,0,0,0,0,0
9,alt,1,0,0,0,0,0,0,0,0,0,0,0,0,0,0,0,0,0,0,0
10,alt,1,0,0,0,0,0,0,0,0,0,0,0,0,0,0,0,0,0,0,0
11,alt,1,0,0,0,0,0,0,0,0,0,0,0,0,0,0,0,0,0,0,0
12,alt,1,0,0,0,0,0,0,0,0,0,0,0,0,0,0,0,0,0,0,0
13,alt,1,0,0,0,0,0,0,0,0,0,0,0,0,0,0,0,0,0,0,0
14,alt,1,0,0,0,0,0,0,0,0,0,0,0,0,0,0,0,0,0,0,0
15,alt,1,0,0,0,0,0,0,0,0,0,0,0,0,0,0,0,0,0,0,0
16,alt,1,0,0,0,0,0,0,0,0,0,0,0,0,0,0,0,0,0,0,0
17,alt,1,0,0,0,0,0,0,0,0,0,0,0,0,0,0,0,0,0,0,0
18,alt,1,0,0,0,0,0,0,0,0,0,0,0,0,0,0,0,0,0,0,0
19,alt,1,0,0,0,0,0,0,0,0,0,0,0,0,0,0,0,0,0,0,0
20,alt,1,0,0,0,0,0,0,0,0,0,0,0,0,0,0,0,0,0,0,0
21,alt,1,0,0,0,0,0,0,0,0,0,0,0,0,0,0,0,0,0,0,0
22,alt,1,0,0,0,0,0,0,0,0,0,0,0,0,0,0,0,0,0,0,0
23,alt,1,0,0,0,0,0,0,0,0,0,0,0,0,0,0,0,0,0,0,0
24,alt,1,0,0,0,0,0,0,0,0,0,0,0,0,0,0,0,0,0,0,0
25,alt,1,0,0,0,0,0,0,0,0,0,0,0,0,0,0,0,0,0,0,0
26,alt,1,0,0,0,0,0,0,0,0,0,0,0,0,0,0,0,0,0,0,0
27,alt,1,0,0,0,0,0,0,0,0,0,0,0,0,0,0,0,0,0,0,0
28,alt,1,0,0,0,0,0,0,0,0,0,0,0,0,0,0,0,0,0,0,0
29,alt,1,0,0,0,0,0,0,0,0,0,0,0,0,0,0,0,0,0,0,0
30,alt,1,0,0,0,0,0,0,0,0,0,0,0,0,0,0,0,0,0,0,0
31,alt,1,0,0,0,0,0,0,0,0,0,0,0,0,0,0,0,0,0,0,0
32,alt,1,0,0,0,0,0,0,0,0,0,0,0,0,0,0,0,0,0,0,0
33,alt,1,0,0,0,0,0,0,0,0,0,0,0,0,0,0,0,0,0,0,0
34,alt,1,0,0,0,0,0,0,0,0,0,0,0,0,0,0,0,0,0,0,0
35,sts-1,0,1,0,0,0,0,0,0,0,0,0,0,0,0,0,0,0,0,0,0
36,sts-1,0,1,0,0,0,0,0,0,0,0,0,0,0,0,0,0,0,0,0,0
37,sts-1,0,1,0,0,0,0,0,0,0,0,0,0,0,0,0,0,0,0,0,0
38,sts-1,0,1,0,0,0,0,0,0,0,0,0,0,0,0,0,0,0,0,0,0
39,sts-1,0,1,0,0,0,0,0,0,0,0,0,0,0,0,0,0,0,0,0,0
40,sts-1,0,1,0,0,0,0,0,0,0,0,0,0,0,0,0,0,0,0,0,0
41,sts-1,0,1,0,0,0,0,0,0,0,0,0,0,0,0,0,0,0,0,0,0
42,sts-1,0,1,0,0,0,0,0,0,0,0,0,0,0,0,0,0,0,0,0,0
43,sts-1,0,1,0,0,0,0,0,0,0,0,0,0,0,0,0,0,0,0,0,0
44,alt,1,0,0,0,0,0,0,0,0,0,0,0,0,0,0,0,0,0,0,0
45,alt,1,0,0,0,0,0,0,0,0,0,0,0,0,0,0,0,0,0,0,0
46,sts-1,0,1,0,0,0,0,0,0,0,0,0,0,0,0,0,0,0,0,0,0
47,sts-2,0,0,0,0,0,0,0,0,0,0,0,0,0,0,0,0,0,0,0,0
48,sts-1,0,1,0,0,0,0,0,0,0,0,0,0,0,0,0,0,0,0,0,0
49,sts-2,0,0,0,0,0,0,0,0,0,0,0,0,0,0,0,0,0,0,0,0
50,sts-2,0,0,0,0,0,0,0,0,0,0,0,0,0,0,0,0,0,0,0,0
51,sts-2,0,0,0,0,0,0,0,0,0,0,0,0,0,0,0,0,0,0,0,0
52,sts-2,0,0,0,0,0,0,0,0,0,0,0,0,0,0,0,0,0,0,0,0
53,sts-2,0,0,0,0,0,0,0,0,0,0,0,0,0,0,0,0,0,0,0,0
54,sts-2,0,0,0,0,0,0,0,0,0,0,0,0,0,0,0,0,0,0,0,0
55,sts-2,0,0,0,0,0,0,0,0,0,0,0,0,0,0,0,0,0,0,0,0
56,sts-2,0,0,0,0,0,0,0,0,0,0,0,0,0,0,0,0,0,0,0,0
57,sts-2,0,0,0,0,0,0,0,0,0,0,0,0,0,0,0,0,0,0,0,0
58,sts-2,0,0,0,0,0,0,0,0,0,0,0,0,0,0,0,0,0,0,0,0
59,sts-2,0,0,0,0,0,0,0,0,0,0,0,0,0,0,0,0,0,0,0,0
60,sts-3,0,0,0,0,0,0,0,0,0,0,0,0,0,0,0,0,0,0,0,0
61,sts-3,0,0,0,0,0,0,0,0,0,0,0,0,0,0,0,0,0,0,0,0
62,sts-3,0,0,0,0,0,0,0,0,0,0,0,0,0,0,0,0,0,0,0,0
63,sts-3,0,0,0,0,0,0,0,0,0,0,0,0,0,0,0,0,0,0,0,0
64,sts-3,0,0,0,0,0,0,0,0,0,0,0,0,0,0,0,0,0,0,0,0
65,sts-3,0,0,0,0,0,0,0,0,0,0,0,0,0,0,0,0,0,0,0,0
66,sts-3,0,0,0,0,0,0,0,0,0,0,0,0,0,0,0,0,0,0,0,0
67,sts-3,0,0,0,0,0,0,0,0,0,0,0,0,0,0,0,0,0,0,0,0
68,sts-3,0,0,0,0,0,0,0,0,0,0,0,0,0,0,0,0,0,0,0,0
69,sts-3,0,0,0,0,0,0,0,0,0,0,0,0,0,0,0,0,0,0,0,0
70,sts-3,0,0,0,0,0,0,0,0,0,0,0,0,0,0,0,0,0,0,0,0
71,sts-4,0,0,0,0,0,0,0,0,0,0,0,0,0,0,0,0,0,0,0,0
72,sts-4,0,0,0,0,0,0,0,0,0,0,0,0,0,0,0,0,0,0,0,0
73,sts-4,0,0,0,0,0,0,0,0,0,0,0,0,0,0,0,0,0,0,0,0
74,sts-4,0,0,0,0,0,0,0,0,0,0,0,0,0,0,0,0,0,0,0,0
75,sts-4,0,0,0,0,0,0,0,0,0,0,0,0,0,0,0,0,0,0,0,0
76,sts-4,0,0,0,0,0,0,0,0,0,0,0,0,0,0,0,0,0,0,0,0
77,sts-4,0,0,0,0,0,0,0,0,0,0,0,0,0,0,0,0,0,0,0,0
78,sts-4,0,0,0,0,0,0,0,0,0,0,0,0,0,0,0,0,0,0,0,0
79,sts-4,0,0,0,0,0,0,0,0,0,0,0,0,0,0,0,0,0,0,0,0
80,sts-5,0,0,0,0,0,0,0,0,0,0,0,0,0,0,0,0,0,0,0,0
81,sts-5,0,0,0,0,0,0,0,0,0,0,0,0,0,0,0,0,0,0,0,0
82,sts-5,0,0,0,0,0,0,0,0,0,0,0,0,0,0,0,0,0,0,0,0
83,sts-5,0,0,0,0,0,0,0,0,0,0,0,0,0,0,0,0,0,0,0,0
84,sts-5,0,0,0,0,0,0,0,0,0,0,0,0,0,0,0,0,0,0,0,0
85,sts-5,0,0,0,0,0,0,0,0,0,0,0,0,0,0,0,0,0,0,0,0
86,sts-5,0,0,0,0,0,0,0,0,0,0,0,0,0,0,0,0,0,0,0,0
87,sts-5,0,0,0,0,0,0,0,0,0,0,0,0,0,0,0,0,0,0,0,0
88,sts-5,0,0,0,0,0,0,0,0,0,0,0,0,0,0,0,0,0,0,0,0
89,sts-5,0,0,0,0,0,0,0,0,0,0,0,0,0,0,0,0,0,0,0,0
90,sts-5,0,0,0,0,0,0,0,0,0,0,0,0,0,0,0,0,0,0,0,0
91,sts-5,0,0,0,0,0,0,0,0,0,0,0,0,0,0,0,0,0,0,0,0
92,sts-5,0,0,0,0,0,0,0,0,0,0,0,0,0,0,0,0,0,0,0,0
93,sts-5,0,0,0,0,0,0,0,0,0,0,0,0,0,0,0,0,0,0,0,0
94,sts-6,0,0,0,0,0,0,0,0,0,0,0,0,1,0,0,0,0,0,0,0
95,sts-6,0,0,0,0,0,0,0,0,0,0,0,0,1,0,0,0,0,0,0,0
96,sts-6,0,0,0,0,0,0,0,0,0,0,0,0,1,0,0,0,0,0,0,0
97,sts-6,0,0,0,0,0,0,0,0,0,0,0,0,1,0,0,0,0,0,0,0
98,sts-6,0,0,0,0,0,0,0,0,0,0,0,0,1,0,0,0,0,0,0,0
99,sts-6,0,0,0,0,0,0,0,0,0,0,0,0,1,0,0,0,0,0,0,0
100,sts-6,0,0,0,0,0,0,0,0,0,0,0,0,1,0,0,0,0,0,0,0
101,sts-6,0,0,0,0,0,0,0,0,0,0,0,0,1,0,0,0,0,0,0,0
102,sts-6,0,0,0,0,0,0,0,0,0,0,0,0,1,0,0,0,0,0,0,0
103,sts-6,0,0,0,0,0,0,0,0,0,0,0,0,1,0,0,0,0,0,0,0
104,sts-6,0,0,0,0,0,0,0,0,0,0,0,0,1,0,0,0,0,0,0,0
105,sts-6,0,0,0,0,0,0,0,0,0,0,0,0,1,0,0,0,0,0,0,0
106,sts-6,0,0,0,0,0,0,0,0,0,0,0,0,1,0,0,0,0,0,0,0
107,sts-6,0,0,0,0,0,0,0,0,0,0,0,0,1,0,0,0,0,0,0,0
108,sts-7,0,0,1,0,0,0,0,0,0,0,0,0,0,0,0,0,0,0,0,0
109,sts-7,0,0,1,0,0,0,0,0,0,0,0,0,0,0,0,0,0,0,0,0
110,sts-7,0,0,1,0,0,0,0,0,0,0,0,0,0,0,0,0,0,0,0,0
111,sts-7,0,0,1,0,0,0,0,0,0,0,0,0,0,0,0,0,0,0,0,0
112,sts-7,0,0,1,0,0,0,0,0,0,0,0,0,0,0,0,0,0,0,0,0
113,sts-7,0,0,1,0,0,0,0,0,0,0,0,0,0,0,0,0,0,0,0,0
114,sts-7,0,0,1,0,0,0,0,0,0,0,0,0,0,0,0,0,0,0,0,0
115,sts-7,0,0,1,0,0,0,0,0,0,0,0,0,0,0,0,0,0,0,0,0
116,sts-7,0,0,1,0,0,0,0,0,0,0,0,0,0,0,0,0,0,0,0,0
117,sts-7,0,0,1,0,0,0,0,0,0,0,0,0,0,0,0,0,0,0,0,0
118,sts-7,0,0,1,0,0,0,0,0,0,0,0,0,0,0,0,0,0,0,0,0
119,sts-7,0,0,1,0,0,0,0,0,0,0,0,0,0,0,0,0,0,0,0,0
120,sts-7,0,0,1,0,0,0,0,0,0,0,0,0,0,0,0,0,0,0,0,0
121,sts-7,0,0,1,0,0,0,0,0,0,0,0,0,0,0,0,0,0,0,0,0
122,sts-8,0,0,0,0,0,0,1,0,0,0,0,0,0,0,0,0,0,0,0,0
123,sts-8,0,0,0,0,0,0,1,0,0,0,0,0,0,0,0,0,0,0,0,0
124,sts-8,0,0,0,0,0,0,1,0,0,0,0,0,0,0,0,0,0,0,0,0
125,sts-8,0,0,0,0,0,0,1,0,0,0,0,0,0,0,0,0,0,0,0,0
126,sts-8,0,0,0,0,0,0,1,0,0,0,0,0,0,0,0,0,0,0,0,0
127,sts-8,0,0,0,0,0,0,1,0,0,0,0,0,0,0,0,0,0,0,0,0
128,sts-8,0,0,0,0,0,0,1,0,0,0,0,0,0,0,0,0,0,0,0,0
129,sts-8,0,0,0,0,0,0,1,0,0,0,0,0,0,0,0,0,0,0,0,0
130,sts-8,0,0,0,0,0,0,1,0,0,0,0,0,0,0,0,0,0,0,0,0
131,sts-8,0,0,0,0,0,0,1,0,0,0,0,0,0,0,0,0,0,0,0,0
132,sts-8,0,0,0,0,0,0,1,0,0,0,0,0,0,0,0,0,0,0,0,0
133,sts-8,0,0,0,0,0,0,1,0,0,0,0,0,0,0,0,0,0,0,0,0
134,sts-8,0,0,0,0,0,0,1,0,0,0,0,0,0,0,0,0,0,0,0,0
135,sts-9,0,0,0,0,0,0,0,0,0,0,0,0,0,0,0,0,0,0,0,0
136,sts-9,0,0,0,0,0,0,0,0,0,0,0,0,0,0,0,0,0,0,0,0
137,sts-9,0,0,0,0,0,0,0,0,0,0,0,0,0,0,0,0,0,0,0,0
138,sts-9,0,0,0,0,0,0,0,0,0,0,0,0,0,0,0,0,0,0,0,0
139,sts-9,0,0,0,0,0,0,0,0,0,0,0,0,0,0,0,0,0,0,0,0
140,sts-9,0,0,0,0,0,0,0,0,0,0,0,0,0,0,0,0,0,0,0,0
141,sts-9,0,0,0,0,0,0,0,0,0,0,0,0,0,0,0,0,0,0,0,0
142,sts-9,0,0,0,0,0,0,0,0,0,0,0,0,0,0,0,0,0,0,0,0
143,sts-9,0,0,0,0,0,0,0,0,0,0,0,0,0,0,0,0,0,0,0,0
144,sts-9,0,0,0,0,0,0,0,0,0,0,0,0,0,0,0,0,0,0,0,0
145,sts-9,0,0,0,0,0,0,0,0,0,0,0,0,0,0,0,0,0,0,0,0
146,sts-41-b,0,0,0,0,0,1,0,0,0,0,0,0,0,0,0,0,0,0,0,0
147,sts-41-b,0,0,0,0,0,1,0,0,0,0,0,0,0,0,0,0,0,0,0,0
148,sts-41-b,0,0,0,0,0,1,0,0,0,0,0,0,0,0,0,0,0,0,0,0
149,sts-41-b,0,0,0,0,0,1,0,0,0,0,0,0,0,0,0,0,0,0,0,0
150,sts-41-b,0,0,0,0,0,1,0,0,0,0,0,0,0,0,0,0,0,0,0,0
151,sts-41-b,0,0,0,0,0,1,0,0,0,0,0,0,0,0,0,0,0,0,0,0
152,sts-41-b,0,0,0,0,0,1,0,0,0,0,0,0,0,0,0,0,0,0,0,0
153,sts-41-b,0,0,0,0,0,1,0,0,0,0,0,0,0,0,0,0,0,0,0,0
154,sts-41-b,0,0,0,0,0,1,0,0,0,0,0,0,0,0,0,0,0,0,0,0
155,sts-41-b,0,0,0,0,0,1,0,0,0,0,0,0,0,0,0,0,0,0,0,0
156,sts-41-b,0,0,0,0,0,1,0,0,0,0,0,0,0,0,0,0,0,0,0,0
157,sts-41-b,0,0,0,0,0,1,0,0,0,0,0,0,0,0,0,0,0,0,0,0
158,sts-41-c,0,0,0,0,0,0,0,0,0,0,0,0,0,0,0,0,0,0,0,0
159,sts-41-c,0,0,0,0,0,0,0,0,0,0,0,0,0,0,0,0,0,0,0,0
160,sts-41-c,0,0,0,0,0,0,0,0,0,0,0,0,0,0,0,0,0,0,0,0
161,sts-41-c,0,0,0,0,0,0,0,0,0,0,0,0,0,0,0,0,0,0,0,0
162,sts-41-c,0,0,0,0,0,0,0,0,0,0,0,0,0,0,0,0,0,0,0,0
163,sts-41-c,0,0,0,0,0,0,0,0,0,0,0,0,0,0,0,0,0,0,0,0
164,sts-41-c,0,0,0,0,0,0,0,0,0,0,0,0,0,0,0,0,0,0,0,0
165,sts-41-c,0,0,0,0,0,0,0,0,0,0,0,0,0,0,0,0,0,0,0,0
166,sts-41-c,0,0,0,0,0,0,0,0,0,0,0,0,0,0,0,0,0,0,0,0
167,sts-41-c,0,0,0,0,0,0,0,0,0,0,0,0,0,0,0,0,0,0,0,0
168,sts-41-c,0,0,0,0,0,0,0,0,0,0,0,0,0,0,0,0,0,0,0,0
169,sts-41-c,0,0,0,0,0,0,0,0,0,0,0,0,0,0,0,0,0,0,0,0
170,sts-41-d,0,0,0,0,0,0,0,0,0,0,0,0,0,0,0,0,0,0,0,0
171,sts-41-d,0,0,0,0,0,0,0,0,0,0,0,0,0,0,0,0,0,0,0,0
172,sts-41-d,0,0,0,0,0,0,0,0,0,0,0,0,0,0,0,0,0,0,0,0
173,sts-41-d,0,0,0,0,0,0,0,0,0,0,0,0,0,0,0,0,0,0,0,0
174,sts-41-d,0,0,0,0,0,0,0,0,0,0,0,0,0,0,0,0,0,0,0,0
175,sts-41-d,0,0,0,0,0,0,0,0,0,0,0,0,0,0,0,0,0,0,0,0
176,sts-41-d,0,0,0,0,0,0,0,0,0,0,0,0,0,0,0,0,0,0,0,0
177,sts-41-d,0,0,0,0,0,0,0,0,0,0,0,0,0,0,0,0,0,0,0,0
178,sts-41-d,0,0,0,0,0,0,0,0,0,0,0,0,0,0,0,0,0,0,0,0
179,sts-41-d,0,0,0,0,0,0,0,0,0,0,0,0,0,0,0,0,0,0,0,0
180,sts-41-d,0,0,0,0,0,0,0,0,0,0,0,0,0,0,0,0,0,0,0,0
181,sts-41-d,0,0,0,0,0,0,0,0,0,0,0,0,0,0,0,0,0,0,0,0
182,sts-41-d,0,0,0,0,0,0,0,0,0,0,0,0,0,0,0,0,0,0,0,0
183,sts-41-g,0,0,0,0,0,0,0,0,0,0,0,0,0,0,0,0,0,0,0,0
184,sts-41-g,0,0,0,0,0,0,0,0,0,0,0,0,0,0,0,0,0,0,0,0
185,sts-41-g,0,0,0,0,0,0,0,0,0,0,0,0,0,0,0,0,0,0,0,0
186,sts-41-g,0,0,0,0,0,0,0,0,0,0,0,0,0,0,0,0,0,0,0,0
187,sts-41-g,0,0,0,0,0,0,0,0,0,0,0,0,0,0,0,0,0,0,0,0
188,sts-41-g,0,0,0,0,0,0,0,0,0,0,0,0,0,0,0,0,0,0,0,0
189,sts-41-g,0,0,0,0,0,0,0,0,0,0,0,0,0,0,0,0,0,0,0,0
190,sts-41-g,0,0,0,0,0,0,0,0,0,0,0,0,0,0,0,0,0,0,0,0
191,sts-41-g,0,0,0,0,0,0,0,0,0,0,0,0,0,0,0,0,0,0,0,0
192,sts-41-g,0,0,0,0,0,0,0,0,0,0,0,0,0,0,0,0,0,0,0,0
193,sts-51-a,0,0,0,0,0,0,0,0,0,0,0,0,0,0,0,0,0,0,0,0
194,sts-51-a,0,0,0,0,0,0,0,0,0,0,0,0,0,0,0,0,0,0,0,0
195,sts-51-a,0,0,0,0,0,0,0,0,0,0,0,0,0,0,0,0,0,0,0,0
196,sts-51-a,0,0,0,0,0,0,0,0,0,0,0,0,0,0,0,0,0,0,0,0
197,sts-51-a,0,0,0,0,0,0,0,0,0,0,0,0,0,0,0,0,0,0,0,0
198,sts-51-a,0,0,0,0,0,0,0,0,0,0,0,0,0,0,0,0,0,0,0,0
199,sts-51-a,0,0,0,0,0,0,0,0,0,0,0,0,0,0,0,0,0,0,0,0
200,sts-51-a,0,0,0,0,0,0,0,0,0,0,0,0,0,0,0,0,0,0,0,0
201,sts-51-c,0,0,0,0,0,0,0,0,0,0,0,0,0,0,0,0,0,0,0,0
202,sts-51-c,0,0,0,0,0,0,0,0,0,0,0,0,0,0,0,0,0,0,0,0
203,sts-51-c,0,0,0,0,0,0,0,0,0,0,0,0,0,0,0,0,0,0,0,0
204,sts-51-c,0,0,0,0,0,0,0,0,0,0,0,0,0,0,0,0,0,0,0,0
205,sts-51-c,0,0,0,0,0,0,0,0,0,0,0,0,0,0,0,0,0,0,0,0
206,sts-51-c,0,0,0,0,0,0,0,0,0,0,0,0,0,0,0,0,0,0,0,0
207,sts-51-c,0,0,0,0,0,0,0,0,0,0,0,0,0,0,0,0,0,0,0,0
208,sts-51-c,0,0,0,0,0,0,0,0,0,0,0,0,0,0,0,0,0,0,0,0
209,sts-51-c,0,0,0,0,0,0,0,0,0,0,0,0,0,0,0,0,0,0,0,0
210,sts-51-d,0,0,0,0,0,0,0,0,0,0,0,0,0,0,0,0,0,0,0,0
211,sts-51-d,0,0,0,0,0,0,0,0,0,0,0,0,0,0,0,0,0,0,0,0
212,sts-51-d,0,0,0,0,0,0,0,0,0,0,0,0,0,0,0,0,0,0,0,0
213,sts-51-d,0,0,0,0,0,0,0,0,0,0,0,0,0,0,0,0,0,0,0,0
214,sts-51-d,0,0,0,0,0,0,0,0,0,0,0,0,0,0,0,0,0,0,0,0
215,sts-51-d,0,0,0,0,0,0,0,0,0,0,0,0,0,0,0,0,0,0,0,0
216,sts-51-d,0,0,0,0,0,0,0,0,0,0,0,0,0,0,0,0,0,0,0,0
217,sts-51-d,0,0,0,0,0,0,0,0,0,0,0,0,0,0,0,0,0,0,0,0
218,sts-51-d,0,0,0,0,0,0,0,0,0,0,0,0,0,0,0,0,0,0,0,0
219,sts-51-d,0,0,0,0,0,0,0,0,0,0,0,0,0,0,0,0,0,0,0,0
220,sts-51-d,0,0,0,0,0,0,0,0,0,0,0,0,0,0,0,0,0,0,0,0
221,sts-51-d,0,0,0,0,0,0,0,0,0,0,0,0,0,0,0,0,0,0,0,0
222,sts-51-b,0,0,0,0,0,0,0,0,0,0,0,0,0,0,0,0,0,0,0,0
223,sts-51-b,0,0,0,0,0,0,0,0,0,0,0,0,0,0,0,0,0,0,0,0
224,sts-51-b,0,0,0,0,0,0,0,0,0,0,0,0,0,0,0,0,0,0,0,0
225,sts-51-b,0,0,0,0,0,0,0,0,0,0,0,0,0,0,0,0,0,0,0,0
226,sts-51-b,0,0,0,0,0,0,0,0,0,0,0,0,0,0,0,0,0,0,0,0
227,sts-51-b,0,0,0,0,0,0,0,0,0,0,0,0,0,0,0,0,0,0,0,0
228,sts-51-b,0,0,0,0,0,0,0,0,0,0,0,0,0,0,0,0,0,0,0,0
229,sts-51-b,0,0,0,0,0,0,0,0,0,0,0,0,0,0,0,0,0,0,0,0
230,sts-51-b,0,0,0,0,0,0,0,0,0,0,0,0,0,0,0,0,0,0,0,0
231,sts-51-b,0,0,0,0,0,0,0,0,0,0,0,0,0,0,0,0,0,0,0,0
232,sts-51-g,0,0,0,0,0,0,0,0,0,0,0,0,0,0,0,0,0,0,0,0
233,sts-51-g,0,0,0,0,0,0,0,0,0,0,0,0,0,0,0,0,0,0,0,0
234,sts-51-g,0,0,0,0,0,0,0,0,0,0,0,0,0,0,0,0,0,0,0,0
235,sts-51-g,0,0,0,0,0,0,0,0,0,0,0,0,0,0,0,0,0,0,0,0
236,sts-51-g,0,0,0,0,0,0,0,0,0,0,0,0,0,0,0,0,0,0,0,0
237,sts-51-g,0,0,0,0,0,0,0,0,0,0,0,0,0,0,0,0,0,0,0,0
238,sts-51-g,0,0,0,0,0,0,0,0,0,0,0,0,0,0,0,0,0,0,0,0
239,sts-51-g,0,0,0,0,0,0,0,0,0,0,0,0,0,0,0,0,0,0,0,0
240,sts-51-g,0,0,0,0,0,0,0,0,0,0,0,0,0,0,0,0,0,0,0,0
241,sts-51-g,0,0,0,0,0,0,0,0,0,0,0,0,0,0,0,0,0,0,0,0
242,sts-51-g,0,0,0,0,0,0,0,0,0,0,0,0,0,0,0,0,0,0,0,0
243,sts-51-f,0,0,0,0,0,0,0,0,0,0,0,0,0,0,0,0,0,0,0,0
244,sts-51-f,0,0,0,0,0,0,0,0,0,0,0,0,0,0,0,0,0,0,0,0
245,sts-51-f,0,0,0,0,0,0,0,0,0,0,0,0,0,0,0,0,0,0,0,0
246,sts-51-f,0,0,0,0,0,0,0,0,0,0,0,0,0,0,0,0,0,0,0,0
247,sts-51-f,0,0,0,0,0,0,0,0,0,0,0,0,0,0,0,0,0,0,0,0
248,sts-51-f,0,0,0,0,0,0,0,0,0,0,0,0,0,0,0,0,0,0,0,0
249,sts-51-f,0,0,0,0,0,0,0,0,0,0,0,0,0,0,0,0,0,0,0,0
250,sts-51-f,0,0,0,0,0,0,0,0,0,0,0,0,0,0,0,0,0,0,0,0
251,sts-51-f,0,0,0,0,0,0,0,0,0,0,0,0,0,0,0,0,0,0,0,0
252,sts-51-i,0,0,0,0,0,0,0,0,0,0,0,0,0,0,0,0,0,0,0,0
253,sts-51-i,0,0,0,0,0,0,0,0,0,0,0,0,0,0,0,0,0,0,0,0
254,sts-51-i,0,0,0,0,0,0,0,0,0,0,0,0,0,0,0,0,0,0,0,0
255,sts-51-i,0,0,0,0,0,0,0,0,0,0,0,0,0,0,0,0,0,0,0,0
256,sts-51-i,0,0,0,0,0,0,0,0,0,0,0,0,0,0,0,0,0,0,0,0
257,sts-51-i,0,0,0,0,0,0,0,0,0,0,0,0,0,0,0,0,0,0,0,0
258,sts-51-i,0,0,0,0,0,0,0,0,0,0,0,0,0,0,0,0,0,0,0,0
259,sts-51-i,0,0,0,0,0,0,0,0,0,0,0,0,0,0,0,0,0,0,0,0
260,sts-51-i,0,0,0,0,0,0,0,0,0,0,0,0,0,0,0,0,0,0,0,0
261,sts-51-j,0,0,0,0,0,0,0,0,0,0,0,1,0,1,0,0,0,0,0,0
262,sts-51-j,0,0,0,0,0,0,0,0,0,0,0,1,0,1,0,0,0,0,0,0
263,sts-51-j,0,0,0,0,0,0,0,0,0,0,0,1,0,1,0,0,0,0,0,0
264,sts-51-j,0,0,0,0,0,0,0,0,0,0,0,1,0,1,0,0,0,0,0,0
265,sts-51-j,0,0,0,0,0,0,0,0,0,0,0,1,0,1,0,0,0,0,0,0
266,sts-51-j,0,0,0,0,0,0,0,0,0,0,0,1,0,1,0,0,0,0,0,0
267,sts-51-j,0,0,0,0,0,0,0,0,0,0,0,1,0,1,0,0,0,0,0,0
268,sts-51-j,0,0,0,0,0,0,0,0,0,0,0,1,0,1,0,0,0,0,0,0
269,sts-51-j,0,0,0,0,0,0,0,0,0,0,0,1,0,1,0,0,0,0,0,0
270,sts-51-j,0,0,0,0,0,0,0,0,0,0,0,1,0,1,0,0,0,0,0,0
271,sts-51-j,0,0,0,0,0,0,0,0,0,0,0,1,0,1,0,0,0,0,0,0
272,sts-51-j,0,0,0,0,0,0,0,0,0,0,0,1,0,1,0,0,0,0,0,0
273,sts-61-a,0,0,0,0,0,0,0,0,0,0,0,0,0,0,0,0,0,0,0,0
274,sts-61-a,0,0,0,0,0,0,0,0,0,0,0,0,0,0,0,0,0,0,0,0
275,sts-61-a,0,0,0,0,0,0,0,0,0,0,0,0,0,0,0,0,0,0,0,0
276,sts-61-a,0,0,0,0,0,0,0,0,0,0,0,0,0,0,0,0,0,0,0,0
277,sts-61-a,0,0,0,0,0,0,0,0,0,0,0,0,0,0,0,0,0,0,0,0
278,sts-61-a,0,0,0,0,0,0,0,0,0,0,0,0,0,0,0,0,0,0,0,0
279,sts-61-a,0,0,0,0,0,0,0,0,0,0,0,0,0,0,0,0,0,0,0,0
280,sts-61-a,0,0,0,0,0,0,0,0,0,0,0,0,0,0,0,0,0,0,0,0
281,sts-61-a,0,0,0,0,0,0,0,0,0,0,0,0,0,0,0,0,0,0,0,0
282,sts-61-b,0,0,0,0,0,0,0,0,0,0,0,0,0,0,0,0,0,0,0,0
283,sts-61-b,0,0,0,0,0,0,0,0,0,0,0,0,0,0,0,0,0,0,0,0
284,sts-61-b,0,0,0,0,0,0,0,0,0,0,0,0,0,0,0,0,0,0,0,0
285,sts-61-b,0,0,0,0,0,0,0,0,0,0,0,0,0,0,0,0,0,0,0,0
286,sts-61-b,0,0,0,0,0,0,0,0,0,0,0,0,0,0,0,0,0,0,0,0
287,sts-61-b,0,0,0,0,0,0,0,0,0,0,0,0,0,0,0,0,0,0,0,0
288,sts-61-b,0,0,0,0,0,0,0,0,0,0,0,0,0,0,0,0,0,0,0,0
289,sts-61-b,0,0,0,0,0,0,0,0,0,0,0,0,0,0,0,0,0,0,0,0
290,sts-61-b,0,0,0,0,0,0,0,0,0,0,0,0,0,0,0,0,0,0,0,0
291,sts-61-c,0,0,0,0,0,0,0,0,0,0,0,0,0,0,0,0,0,0,0,0
292,sts-61-c,0,0,0,0,0,0,0,0,0,0,0,0,0,0,0,0,0,0,0,0
293,sts-61-c,0,0,0,0,0,0,0,0,0,0,0,0,0,0,0,0,0,0,0,0
294,sts-61-c,0,0,0,0,0,0,0,0,0,0,0,0,0,0,0,0,0,0,0,0
295,sts-61-c,0,0,0,0,0,0,0,0,0,0,0,0,0,0,0,0,0,0,0,0
296,sts-61-c,0,0,0,0,0,0,0,0,0,0,0,0,0,0,0,0,0,0,0,0
297,sts-61-c,0,0,0,0,0,0,0,0,0,0,0,0,0,0,0,0,0,0,0,0
298,sts-61-c,0,0,0,0,0,0,0,0,0,0,0,0,0,0,0,0,0,0,0,0
299,sts-61-c,0,0,0,0,0,0,0,0,0,0,0,0,0,0,0,0,0,0,0,0
300,sts-61-c,0,0,0,0,0,0,0,0,0,0,0,0,0,0,0,0,0,0,0,0
301,sts-51-l,0,0,0,0,0,0,0,1,0,0,0,0,0,0,0,0,0,0,0,0
302,sts-51-l,0,0,0,0,0,0,0,1,0,0,0,0,0,0,0,0,0,0,0,0
303,sts-51-l,0,0,0,0,0,0,0,1,0,0,0,0,0,0,0,0,0,0,0,0
304,sts-51-l,0,0,0,0,0,0,0,1,0,0,0,0,0,0,0,0,0,0,0,0
305,sts-51-l,0,0,0,0,0,0,0,1,0,0,0,0,0,0,0,0,0,0,0,0
306,sts-51-l,0,0,0,0,0,0,0,1,0,0,0,0,0,0,0,0,0,0,0,0
307,sts-51-l,0,0,0,0,0,0,0,1,0,0,0,0,0,0,0,0,0,0,0,0
308,sts-51-l,0,0,0,0,0,0,0,1,0,0,0,0,0,0,0,0,0,0,0,0
309,sts-51-l,0,0,0,0,0,0,0,1,0,0,0,0,0,0,0,0,0,0,0,0
310,sts-51-l,0,0,0,0,0,0,0,1,0,0,0,0,0,0,0,0,0,0,0,0
311,sts-51-l,0,0,0,0,0,0,0,1,0,0,0,0,0,0,0,0,0,0,0,0
312,sts-51-l,0,0,0,0,0,0,0,1,0,0,0,0,0,0,0,0,0,0,0,0
313,sts-51-l,0,0,0,0,0,0,0,1,0,0,0,0,0,0,0,0,0,0,0,0
314,sts-51-l,0,0,0,0,0,0,0,1,0,0,0,0,0,0,0,0,0,0,0,0
315,sts-51-l,0,0,0,0,0,0,0,1,0,0,0,0,0,0,0,0,0,0,0,0
316,sts-51-l,0,0,0,0,0,0,0,1,0,0,0,0,0,0,0,0,0,0,0,0
317,sts-51-l,0,0,0,0,0,0,0,1,0,0,0,0,0,0,0,0,0,0,0,0
318,sts-26,0,0,0,1,0,0,0,0,0,0,0,0,0,0,0,0,0,0,0,0
319,sts-26,0,0,0,1,0,0,0,0,0,0,0,0,0,0,0,0,0,0,0,0
320,sts-26,0,0,0,1,0,0,0,0,0,0,0,0,0,0,0,0,0,0,0,0
321,sts-26,0,0,0,1,0,0,0,0,0,0,0,0,0,0,0,0,0,0,0,0
322,sts-26,0,0,0,1,0,0,0,0,0,0,0,0,0,0,0,0,0,0,0,0
323,sts-26,0,0,0,1,0,0,0,0,0,0,0,0,0,0,0,0,0,0,0,0
324,sts-26,0,0,0,1,0,0,0,0,0,0,0,0,0,0,0,0,0,0,0,0
325,sts-26,0,0,0,1,0,0,0,0,0,0,0,0,0,0,0,0,0,0,0,0
326,sts-26,0,0,0,1,0,0,0,0,0,0,0,0,0,0,0,0,0,0,0,0
327,sts-26,0,0,0,1,0,0,0,0,0,0,0,0,0,0,0,0,0,0,0,0
328,sts-26,0,0,0,1,0,0,0,0,0,0,0,0,0,0,0,0,0,0,0,0
329,sts-27,0,0,0,0,0,0,0,0,0,0,0,0,0,0,0,0,0,0,0,0
330,sts-27,0,0,0,0,0,0,0,0,0,0,0,0,0,0,0,0,0,0,0,0
331,sts-27,0,0,0,0,0,0,0,0,0,0,0,0,0,0,0,0,0,0,0,0
332,sts-27,0,0,0,0,0,0,0,0,0,0,0,0,0,0,0,0,0,0,0,0
333,sts-27,0,0,0,0,0,0,0,0,0,0,0,0,0,0,0,0,0,0,0,0
334,sts-27,0,0,0,0,0,0,0,0,0,0,0,0,0,0,0,0,0,0,0,0
335,sts-27,0,0,0,0,0,0,0,0,0,0,0,0,0,0,0,0,0,0,0,0
336,sts-27,0,0,0,0,0,0,0,0,0,0,0,0,0,0,0,0,0,0,0,0
337,sts-29,0,0,0,0,0,0,0,0,0,0,0,0,0,0,0,0,0,0,0,0
338,sts-29,0,0,0,0,0,0,0,0,0,0,0,0,0,0,0,0,0,0,0,0
339,sts-29,0,0,0,0,0,0,0,0,0,0,0,0,0,0,0,0,0,0,0,0
340,sts-29,0,0,0,0,0,0,0,0,0,0,0,0,0,0,0,0,0,0,0,0
341,sts-29,0,0,0,0,0,0,0,0,0,0,0,0,0,0,0,0,0,0,0,0
342,sts-29,0,0,0,0,0,0,0,0,0,0,0,0,0,0,0,0,0,0,0,0
343,sts-29,0,0,0,0,0,0,0,0,0,0,0,0,0,0,0,0,0,0,0,0
344,sts-29,0,0,0,0,0,0,0,0,0,0,0,0,0,0,0,0,0,0,0,0
345,sts-30,0,0,0,0,0,0,0,0,0,0,0,0,0,0,0,0,0,0,0,0
346,sts-30,0,0,0,0,0,0,0,0,0,0,0,0,0,0,0,0,0,0,0,0
347,sts-30,0,0,0,0,0,0,0,0,0,0,0,0,0,0,0,0,0,0,0,0
348,sts-30,0,0,0,0,0,0,0,0,0,0,0,0,0,0,0,0,0,0,0,0
349,sts-30,0,0,0,0,0,0,0,0,0,0,0,0,0,0,0,0,0,0,0,0
350,sts-30,0,0,0,0,0,0,0,0,0,0,0,0,0,0,0,0,0,0,0,0
351,sts-30,0,0,0,0,0,0,0,0,0,0,0,0,0,0,0,0,0,0,0,0
352,sts-30,0,0,0,0,0,0,0,0,0,0,0,0,0,0,0,0,0,0,0,0
353,sts-30,0,0,0,0,0,0,0,0,0,0,0,0,0,0,0,0,0,0,0,0
354,sts-30,0,0,0,0,0,0,0,0,0,0,0,0,0,0,0,0,0,0,0,0
355,sts-30,0,0,0,0,0,0,0,0,0,0,0,0,0,0,0,0,0,0,0,0
356,sts-30,0,0,0,0,0,0,0,0,0,0,0,0,0,0,0,0,0,0,0,0
357,sts-28,0,0,0,0,0,0,0,0,0,0,0,0,0,0,0,0,0,0,0,0
358,sts-28,0,0,0,0,0,0,0,0,0,0,0,0,0,0,0,0,0,0,0,0
359,sts-28,0,0,0,0,0,0,0,0,0,0,0,0,0,0,0,0,0,0,0,0
360,sts-28,0,0,0,0,0,0,0,0,0,0,0,0,0,0,0,0,0,0,0,0
361,sts-28,0,0,0,0,0,0,0,0,0,0,0,0,0,0,0,0,0,0,0,0
362,sts-28,0,0,0,0,0,0,0,0,0,0,0,0,0,0,0,0,0,0,0,0
363,sts-28,0,0,0,0,0,0,0,0,0,0,0,0,0,0,0,0,0,0,0,0
364,sts-28,0,0,0,0,0,0,0,0,0,0,0,0,0,0,0,0,0,0,0,0
365,sts-28,0,0,0,0,0,0,0,0,0,0,0,0,0,0,0,0,0,0,0,0
366,sts-34,0,0,0,0,0,0,0,0,0,0,0,0,0,0,0,0,0,0,0,0
367,sts-34,0,0,0,0,0,0,0,0,0,0,0,0,0,0,0,0,0,0,0,0
368,sts-34,0,0,0,0,0,0,0,0,0,0,0,0,0,0,0,0,0,0,0,0
369,sts-34,0,0,0,0,0,0,0,0,0,0,0,0,0,0,0,0,0,0,0,0
370,sts-34,0,0,0,0,0,0,0,0,0,0,0,0,0,0,0,0,0,0,0,0
371,sts-34,0,0,0,0,0,0,0,0,0,0,0,0,0,0,0,0,0,0,0,0
372,sts-34,0,0,0,0,0,0,0,0,0,0,0,0,0,0,0,0,0,0,0,0
373,sts-34,0,0,0,0,0,0,0,0,0,0,0,0,0,0,0,0,0,0,0,0
374,sts-34,0,0,0,0,0,0,0,0,0,0,0,0,0,0,0,0,0,0,0,0
375,sts-34,0,0,0,0,0,0,0,0,0,0,0,0,0,0,0,0,0,0,0,0
376,sts-33,0,0,0,0,0,0,0,0,0,0,0,0,0,0,0,0,0,0,0,0
377,sts-33,0,0,0,0,0,0,0,0,0,0,0,0,0,0,0,0,0,0,0,0
378,sts-33,0,0,0,0,0,0,0,0,0,0,0,0,0,0,0,0,0,0,0,0
379,sts-33,0,0,0,0,0,0,0,0,0,0,0,0,0,0,0,0,0,0,0,0
380,sts-33,0,0,0,0,0,0,0,0,0,0,0,0,0,0,0,0,0,0,0,0
381,sts-33,0,0,0,0,0,0,0,0,0,0,0,0,0,0,0,0,0,0,0,0
382,sts-33,0,0,0,0,0,0,0,0,0,0,0,0,0,0,0,0,0,0,0,0
383,sts-33,0,0,0,0,0,0,0,0,0,0,0,0,0,0,0,0,0,0,0,0
2001,sts-135,0,0,0,0,1,0,0,0,0,0,0,0,0,0,0,0,0,0,0,0
2002,sts-135,0,0,0,0,1,0,0,0,0,0,0,0,0,0,0,0,0,0,0,0
2003,sts-135,0,0,0,0,1,0,0,0,0,0,0,0,0,0,0,0,0,0,0,0
2004,sts-135,0,0,0,0,1,0,0,0,0,0,0,0,0,0,0,0,0,0,0,0
2005,sts-135,0,0,0,0,1,0,0,0,0,0,0,0,0,0,0,0,0,0,0,0
2006,sts-135,0,0,0,0,1,0,0,0,0,0,0,0,0,0,0,0,0,0,0,0
2007,sts-135,0,0,0,0,1,0,0,0,0,0,0,0,0,0,0,0,0,0,0,0
2008,sts-135,0,0,0,0,1,0,0,0,0,0,0,0,0,0,0,0,0,0,0,0
2009,sts-135,0,0,0,0,1,0,0,0,0,0,0,0,0,0,0,0,0,0,0,0
2010,sts-134,0,0,0,0,0,0,0,0,0,0,0,0,0,0,0,0,0,0,0,0
2011,sts-134,0,0,0,0,0,0,0,0,0,0,0,0,0,0,0,0,0,0,0,0
2012,sts-134,0,0,0,0,0,0,0,0,0,0,0,0,0,0,0,0,0,0,0,0
2013,sts-134,0,0,0,0,0,0,0,0,0,0,0,0,0,0,0,0,0,0,0,0
2014,sts-134,0,0,0,0,0,0,0,0,0,0,0,0,0,0,0,0,0,0,0,0
2015,sts-134,0,0,0,0,0,0,0,0,0,0,0,0,0,0,0,0,0,0,0,0
2016,sts-134,0,0,0,0,0,0,0,0,0,0,0,0,0,0,0,0,0,0,0,0
2017,sts-134,0,0,0,0,0,0,0,0,0,0,0,0,0,0,0,0,0,0,0,0
2018,sts-133,0,0,0,0,0,0,0,0,0,0,0,0,0,0,0,0,0,0,0,0
2019,sts-133,0,0,0,0,0,0,0,0,0,0,0,0,0,0,0,0,0,0,0,0
2020,sts-133,0,0,0,0,0,0,0,0,0,0,0,0,0,0,0,0,0,0,0,0
2021,sts-133,0,0,0,0,0,0,0,0,0,0,0,0,0,0,0,0,0,0,0,0
2022,sts-133,0,0,0,0,0,0,0,0,0,0,0,0,0,0,0,0,0,0,0,0
2023,sts.133,0,0,0,0,0,0,0,0,0,0,0,0,0,0,0,0,0,0,0,0
2024,sts-133,0,0,0,0,0,0,0,0,0,0,0,0,0,0,0,0,0,0,0,0
2025,sts-133,0,0,0,0,0,0,0,0,0,0,0,0,0,0,0,0,0,0,0,0
2026,sts-133,0,0,0,0,0,0,0,0,0,0,0,0,0,0,0,0,0,0,0,0
2027,sts-132,0,0,0,0,0,0,0,0,0,0,0,0,0,0,0,0,0,0,0,0
2028,sts-132,0,0,0,0,0,0,0,0,0,0,0,0,0,0,0,0,0,0,0,0
2029,sts-132,0,0,0,0,0,0,0,0,0,0,0,0,0,0,0,0,0,0,0,0
2030,sts-132,0,0,0,0,0,0,0,0,0,0,0,0,0,0,0,0,0,0,0,0
2031,sts-132,0,0,0,0,0,0,0,0,0,0,0,0,0,0,0,0,0,0,0,0
2032,sts-132,0,0,0,0,0,0,0,0,0,0,0,0,0,0,0,0,0,0,0,0
2033,sts-132,0,0,0,0,0,0,0,0,0,0,0,0,0,0,0,0,0,0,0,0
2034,sts-132,0,0,0,0,0,0,0,0,0,0,0,0,0,0,0,0,0,0,0,0
2035,sts-131,0,0,0,0,0,0,0,0,0,0,0,0,0,0,0,0,0,0,0,0
2036,sts-131,0,0,0,0,0,0,0,0,0,0,0,0,0,0,0,0,0,0,0,0
2037,sts-131,0,0,0,0,0,0,0,0,0,0,0,0,0,0,0,0,0,0,0,0
2038,sts-131,0,0,0,0,0,0,0,0,0,0,0,0,0,0,0,0,0,0,0,0
2039,sts-131,0,0,0,0,0,0,0,0,0,0,0,0,0,0,0,0,0,0,0,0
2040,sts-131,0,0,0,0,0,0,0,0,0,0,0,0,0,0,0,0,0,0,0,0
2041,sts-131,0,0,0,0,0,0,0,0,0,0,0,0,0,0,0,0,0,0,0,0
2042,sts-131,0,0,0,0,0,0,0,0,0,0,0,0,0,0,0,0,0,0,0,0
2043,sts-131,0,0,0,0,0,0,0,0,0,0,0,0,0,0,0,0,0,0,0,0
2044,sts-130,0,0,0,0,0,0,0,0,0,0,0,0,0,0,0,0,0,0,0,0
2045,sts-130,0,0,0,0,0,0,0,0,0,0,0,0,0,0,0,0,0,0,0,0
2046,sts-130,0,0,0,0,0,0,0,0,0,0,0,0,0,0,0,0,0,0,0,0
2047,sts-130,0,0,0,0,0,0,0,0,0,0,0,0,0,0,0,0,0,0,0,0
2048,sts-130,0,0,0,0,0,0,0,0,0,0,0,0,0,0,0,0,0,0,0,0
2049,sts-130,0,0,0,0,0,0,0,0,0,0,0,0,0,0,0,0,0,0,0,0
2050,sts-130,0,0,0,0,0,0,0,0,0,0,0,0,0,0,0,0,0,0,0,0
2051,sts-129,0,0,0,0,0,0,0,0,0,0,0,0,0,0,0,0,0,0,0,0
2052,sts-129,0,0,0,0,0,0,0,0,0,0,0,0,0,0,0,0,0,0,0,0
2053,sts-129,0,0,0,0,0,0,0,0,0,0,0,0,0,0,0,0,0,0,0,0
2054,sts-129,0,0,0,0,0,0,0,0,0,0,0,0,0,0,0,0,0,0,0,0
2055,sts-129,0,0,0,0,0,0,0,0,0,0,0,0,0,0,0,0,0,0,0,0
2056,sts-129,0,0,0,0,0,0,0,0,0,0,0,0,0,0,0,0,0,0,0,0
2057,sts-129,0,0,0,0,0,0,0,0,0,0,0,0,0,0,0,0,0,0,0,0
2058,sts-129,0,0,0,0,0,0,0,0,0,0,0,0,0,0,0,0,0,0,0,0
2059,sts-129,0,0,0,0,0,0,0,0,0,0,0,0,0,0,0,0,0,0,0,0
2060,sts-128,0,0,0,0,0,0,0,0,0,0,0,0,0,0,0,0,0,0,0,0
2061,sts-128,0,0,0,0,0,0,0,0,0,0,0,0,0,0,0,0,0,0,0,0
2062,sts-128,0,0,0,0,0,0,0,0,0,0,0,0,0,0,0,0,0,0,0,0
2063,sts-128,0,0,0,0,0,0,0,0,0,0,0,0,0,0,0,0,0,0,0,0
2064,sts-128,0,0,0,0,0,0,0,0,0,0,0,0,0,0,0,0,0,0,0,0
2065,sts-128,0,0,0,0,0,0,0,0,0,0,0,0,0,0,0,0,0,0,0,0
2066,sts-128,0,0,0,0,0,0,0,0,0,0,0,0,0,0,0,0,0,0,0,0
2067,sts-128,0,0,0,0,0,0,0,0,0,0,0,0,0,0,0,0,0,0,0,0
2068,sts-127,0,0,0,0,0,0,0,0,0,0,0,0,0,0,1,0,0,0,0,0
2069,sts-127,0,0,0,0,0,0,0,0,0,0,0,0,0,0,1,0,0,0,0,0
2070,sts-127,0,0,0,0,0,0,0,0,0,0,0,0,0,0,1,0,0,0,0,0
2071,sts-127,0,0,0,0,0,0,0,0,0,0,0,0,0,0,1,0,0,0,0,0
2072,sts-127,0,0,0,0,0,0,0,0,0,0,0,0,0,0,1,0,0,0,0,0
2073,sts-127,0,0,0,0,0,0,0,0,0,0,0,0,0,0,1,0,0,0,0,0
2074,sts-127,0,0,0,0,0,0,0,0,0,0,0,0,0,0,1,0,0,0,0,0
2075,sts-125,0,0,0,0,0,0,0,0,0,0,0,0,0,0,0,0,0,0,0,0
2076,sts-125,0,0,0,0,0,0,0,0,0,0,0,0,0,0,0,0,0,0,0,0
2077,sts-125,0,0,0,0,0,0,0,0,0,0,0,0,0,0,0,0,0,0,0,0
2078,sts-125,0,0,0,0,0,0,0,0,0,0,0,0,0,0,0,0,0,0,0,0
2079,sts-125,0,0,0,0,0,0,0,0,0,0,0,0,0,0,0,0,0,0,0,0
2080,sts-125,0,0,0,0,0,0,0,0,0,0,0,0,0,0,0,0,0,0,0,0
2081,sts-125,0,0,0,0,0,0,0,0,0,0,0,0,0,0,0,0,0,0,0,0
2082,sts-125,0,0,0,0,0,0,0,0,0,0,0,0,0,0,0,0,0,0,0,0
2083,sts-125,0,0,0,0,0,0,0,0,0,0,0,0,0,0,0,0,0,0,0,0
2084,sts-125,0,0,0,0,0,0,0,0,0,0,0,0,0,0,0,0,0,0,0,0
2085,sts-125,0,0,0,0,0,0,0,0,0,0,0,0,0,0,0,0,0,0,0,0
2086,sts-119,0,0,0,0,0,0,0,0,0,0,0,0,0,0,0,0,0,0,0,0
2087,sts-119,0,0,0,0,0,0,0,0,0,0,0,0,0,0,0,0,0,0,0,0
2088,sts-119,0,0,0,0,0,0,0,0,0,0,0,0,0,0,0,0,0,0,0,0
2089,sts-119,0,0,0,0,0,0,0,0,0,0,0,0,0,0,0,0,0,0,0,0
2090,sts-119,0,0,0,0,0,0,0,0,0,0,0,0,0,0,0,0,0,0,0,0
2091,sts-119,0,0,0,0,0,0,0,0,0,0,0,0,0,0,0,0,0,0,0,0
2092,sts-119,0,0,0,0,0,0,0,0,0,0,0,0,0,0,0,0,0,0,0,0
2093,sts-119,0,0,0,0,0,0,0,0,0,0,0,0,0,0,0,0,0,0,0,0
2094,sts-126,0,0,0,0,0,0,0,0,0,0,0,0,0,0,0,0,0,0,0,0
2095,sts-126,0,0,0,0,0,0,0,0,0,0,0,0,0,0,0,0,0,0,0,0
2096,sts-126,0,0,0,0,0,0,0,0,0,0,0,0,0,0,0,0,0,0,0,0
2097,sts-126,0,0,0,0,0,0,0,0,0,0,0,0,0,0,0,0,0,0,0,0
2098,sts-126,0,0,0,0,0,0,0,0,0,0,0,0,0,0,0,0,0,0,0,0
2099,sts-126,0,0,0,0,0,0,0,0,0,0,0,0,0,0,0,0,0,0,0,0
2100,sts-126,0,0,0,0,0,0,0,0,0,0,0,0,0,0,0,0,0,0,0,0
2101,sts-126,0,0,0,0,0,0,0,0,0,0,0,0,0,0,0,0,0,0,0,0
2102,sts-126,0,0,0,0,0,0,0,0,0,0,0,0,0,0,0,0,0,0,0,0
2103,sts-124,0,0,0,0,0,0,0,0,0,0,0,0,0,0,0,1,0,0,0,0
2104,sts-124,0,0,0,0,0,0,0,0,0,0,0,0,0,0,0,1,0,0,0,0
2105,sts-124,0,0,0,0,0,0,0,0,0,0,0,0,0,0,0,1,0,0,0,0
2106,sts-124,0,0,0,0,0,0,0,0,0,0,0,0,0,0,0,1,0,0,0,0
2107,sts-124,0,0,0,0,0,0,0,0,0,0,0,0,0,0,0,1,0,0,0,0
2108,sts-124,0,0,0,0,0,0,0,0,0,0,0,0,0,0,0,1,0,0,0,0
2109,sts-124,0,0,0,0,0,0,0,0,0,0,0,0,0,0,0,1,0,0,0,0
2110,sts-123,0,0,0,0,0,0,0,0,0,0,0,0,0,0,0,0,0,0,0,0
2111,sts-123,0,0,0,0,0,0,0,0,0,0,0,0,0,0,0,0,0,0,0,0
2112,sts-123,0,0,0,0,0,0,0,0,0,0,0,0,0,0,0,0,0,0,0,0
2113,sts-123,0,0,0,0,0,0,0,0,0,0,0,0,0,0,0,0,0,0,0,0
2114,sts-123,0,0,0,0,0,0,0,0,0,0,0,0,0,0,0,0,0,0,0,0
2115,sts-123,0,0,0,0,0,0,0,0,0,0,0,0,0,0,0,0,0,0,0,0
2116,sts-123,0,0,0,0,0,0,0,0,0,0,0,0,0,0,0,0,0,0,0,0
2117,sts-123,0,0,0,0,0,0,0,0,0,0,0,0,0,0,0,0,0,0,0,0
2118,sts-123,0,0,0,0,0,0,0,0,0,0,0,0,0,0,0,0,0,0,0,0
2119,sts-122,0,0,0,0,0,0,0,0,0,0,0,0,0,0,0,0,0,0,0,0
2120,sts-122,0,0,0,0,0,0,0,0,0,0,0,0,0,0,0,0,0,0,0,0
2121,sts-122,0,0,0,0,0,0,0,0,0,0,0,0,0,0,0,0,0,0,0,0
2122,sts-122,0,0,0,0,0,0,0,0,0,0,0,0,0,0,0,0,0,0,0,0
2123,sts-122,0,0,0,0,0,0,0,0,0,0,0,0,0,0,0,0,0,0,0,0
2124,sts-122,0,0,0,0,0,0,0,0,0,0,0,0,0,0,0,0,0,0,0,0
2125,sts-122,0,0,0,0,0,0,0,0,0,0,0,0,0,0,0,0,0,0,0,0
2126,sts-120,0,0,0,0,0,0,0,0,0,0,0,0,0,0,0,0,0,0,0,0
2127,sts-120,0,0,0,0,0,0,0,0,0,0,0,0,0,0,0,0,0,0,0,0
2128,sts-120,0,0,0,0,0,0,0,0,0,0,0,0,0,0,0,0,0,0,0,0
2129,sts-120,0,0,0,0,0,0,0,0,0,0,0,0,0,0,0,0,0,0,0,0
2130,sts-120,0,0,0,0,0,0,0,0,0,0,0,0,0,0,0,0,0,0,0,0
2131,sts-120,0,0,0,0,0,0,0,0,0,0,0,0,0,0,0,0,0,0,0,0
2132,sts-120,0,0,0,0,0,0,0,0,0,0,0,0,0,0,0,0,0,0,0,0
2133,sts-120,0,0,0,0,0,0,0,0,0,0,0,0,0,0,0,0,0,0,0,0
2134,sts-120,0,0,0,0,0,0,0,0,0,0,0,0,0,0,0,0,0,0,0,0
2135,sts-118,0,0,0,0,0,0,0,0,0,0,0,0,0,0,0,0,0,0,0,0
2136,sts-118,0,0,0,0,0,0,0,0,0,0,0,0,0,0,0,0,0,0,0,0
2137,sts-118,0,0,0,0,0,0,0,0,0,0,0,0,0,0,0,0,0,0,0,0
2138,sts-118,0,0,0,0,0,0,0,0,0,0,0,0,0,0,0,0,0,0,0,0
2139,sts-118,0,0,0,0,0,0,0,0,0,0,0,0,0,0,0,0,0,0,0,0
2140,sts-118,0,0,0,0,0,0,0,0,0,0,0,0,0,0,0,0,0,0,0,0
2141,sts-118,0,0,0,0,0,0,0,0,0,0,0,0,0,0,0,0,0,0,0,0
2142,sts-118,0,0,0,0,0,0,0,0,0,0,0,0,0,0,0,0,0,0,0,0
2143,sts-118,0,0,0,0,0,0,0,0,0,0,0,0,0,0,0,0,0,0,0,0
2144,sts-118,0,0,0,0,0,0,0,0,0,0,0,0,0,0,0,0,0,0,0,0
2145,sts-117,0,0,0,0,0,0,0,0,0,0,0,0,0,0,0,0,0,0,0,0
2146,sts-117,0,0,0,0,0,0,0,0,0,0,0,0,0,0,0,0,0,0,0,0
2147,sts-117,0,0,0,0,0,0,0,0,0,0,0,0,0,0,0,0,0,0,0,0
2148,sts-117,0,0,0,0,0,0,0,0,0,0,0,0,0,0,0,0,0,0,0,0
2149,sts-117,0,0,0,0,0,0,0,0,0,0,0,0,0,0,0,0,0,0,0,0
2150,sts-117,0,0,0,0,0,0,0,0,0,0,0,0,0,0,0,0,0,0,0,0
2151,sts-117,0,0,0,0,0,0,0,0,0,0,0,0,0,0,0,0,0,0,0,0
2152,sts-117,0,0,0,0,0,0,0,0,0,0,0,0,0,0,0,0,0,0,0,0
2153,sts-116,0,0,0,0,0,0,0,0,0,0,0,0,0,0,0,0,0,0,0,0
2154,sts-116,0,0,0,0,0,0,0,0,0,0,0,0,0,0,0,0,0,0,0,0
2155,sts-116,0,0,0,0,0,0,0,0,0,0,0,0,0,0,0,0,0,0,0,0
2156,sts-116,0,0,0,0,0,0,0,0,0,0,0,0,0,0,0,0,0,0,0,0
2157,sts-116,0,0,0,0,0,0,0,0,0,0,0,0,0,0,0,0,0,0,0,0
2158,sts-116,0,0,0,0,0,0,0,0,0,0,0,0,0,0,0,0,0,0,0,0
2159,sts-116,0,0,0,0,0,0,0,0,0,0,0,0,0,0,0,0,0,0,0,0
2160,sts-116,0,0,0,0,0,0,0,0,0,0,0,0,0,0,0,0,0,0,0,0
2161,sts-115,0,0,0,0,0,0,0,0,0,0,0,0,0,0,0,0,0,0,0,0
2162,sts-115,0,0,0,0,0,0,0,0,0,0,0,0,0,0,0,0,0,0,0,0
2163,sts-115,0,0,0,0,0,0,0,0,0,0,0,0,0,0,0,0,0,0,0,0
2164,sts-115,0,0,0,0,0,0,0,0,0,0,0,0,0,0,0,0,0,0,0,0
2165,sts-115,0,0,0,0,0,0,0,0,0,0,0,0,0,0,0,0,0,0,0,0
2166,sts-115,0,0,0,0,0,0,0,0,0,0,0,0,0,0,0,0,0,0,0,0
2167,sts-115,0,0,0,0,0,0,0,0,0,0,0,0,0,0,0,0,0,0,0,0
2168,sts-115,0,0,0,0,0,0,0,0,0,0,0,0,0,0,0,0,0,0,0,0
2169,sts-115,0,0,0,0,0,0,0,0,0,0,0,0,0,0,0,0,0,0,0,0
2170,sts-121,0,0,0,0,0,0,0,0,0,0,0,0,0,0,0,0,0,0,0,0
2171,sts-121,0,0,0,0,0,0,0,0,0,0,0,0,0,0,0,0,0,0,0,0
2172,sts-121,0,0,0,0,0,0,0,0,0,0,0,0,0,0,0,0,0,0,0,0
2173,sts-121,0,0,0,0,0,0,0,0,0,0,0,0,0,0,0,0,0,0,0,0
2174,sts-121,0,0,0,0,0,0,0,0,0,0,0,0,0,0,0,0,0,0,0,0
2175,sts-121,0,0,0,0,0,0,0,0,0,0,0,0,0,0,0,0,0,0,0,0
2176,sts-121,0,0,0,0,0,0,0,0,0,0,0,0,0,0,0,0,0,0,0,0
2177,sts-121,0,0,0,0,0,0,0,0,0,0,0,0,0,0,0,0,0,0,0,0
2178,sts-121,0,0,0,0,0,0,0,0,0,0,0,0,0,0,0,0,0,0,0,0
2179,sts-114,0,0,0,0,0,0,0,0,0,0,0,0,0,0,0,0,0,0,0,0
2180,sts-114,0,0,0,0,0,0,0,0,0,0,0,0,0,0,0,0,0,0,0,0
2181,sts-114,0,0,0,0,0,0,0,0,0,0,0,0,0,0,0,0,0,0,0,0
2182,sts-114,0,0,0,0,0,0,0,0,0,0,0,0,0,0,0,0,0,0,0,0
2183,sts-114,0,0,0,0,0,0,0,0,0,0,0,0,0,0,0,0,0,0,0,0
2184,sts-114,0,0,0,0,0,0,0,0,0,0,0,0,0,0,0,0,0,0,0,0
2185,sts-114,0,0,0,0,0,0,0,0,0,0,0,0,0,0,0,0,0,0,0,0
2186,sts-114,0,0,0,0,0,0,0,0,0,0,0,0,0,0,0,0,0,0,0,0
2187,sts-107,0,0,0,0,0,0,0,0,1,0,0,0,0,0,0,0,0,0,0,0
2188,sts-107,0,0,0,0,0,0,0,0,1,0,0,0,0,0,0,0,0,0,0,0
2189,sts-107,0,0,0,0,0,0,0,0,1,0,0,0,0,0,0,0,0,0,0,0
2190,sts-107,0,0,0,0,0,0,0,0,1,0,0,0,0,0,0,0,0,0,0,0
2191,sts-107,0,0,0,0,0,0,0,0,1,0,0,0,0,0,0,0,0,0,0,0
2192,sts-107,0,0,0,0,0,0,0,0,1,0,0,0,0,0,0,0,0,0,0,0
2193,sts-107,0,0,0,0,0,0,0,0,1,0,0,0,0,0,0,0,0,0,0,0
2194,sts-107,0,0,0,0,0,0,0,0,1,0,0,0,0,0,0,0,0,0,0,0
2195,sts-107,0,0,0,0,0,0,0,0,1,0,0,0,0,0,0,0,0,0,0,0
2196,sts-107,0,0,0,0,0,0,0,0,1,0,0,0,0,0,0,0,0,0,0,0
2197,sts.107,0,0,0,0,0,0,0,0,1,0,0,0,0,0,0,0,0,0,0,0
2198,sts-107,0,0,0,0,0,0,0,0,1,0,0,0,0,0,0,0,0,0,0,0
2199,sts-113,0,0,0,0,0,0,0,0,0,0,0,0,0,0,0,0,0,0,0,0
2200,sts-113,0,0,0,0,0,0,0,0,0,0,0,0,0,0,0,0,0,0,0,0
2201,sts-113,0,0,0,0,0,0,0,0,0,0,0,0,0,0,0,0,0,0,0,0
2202,sts-113,0,0,0,0,0,0,0,0,0,0,0,0,0,0,0,0,0,0,0,0
2203,sts-113,0,0,0,0,0,0,0,0,0,0,0,0,0,0,0,0,0,0,0,0
2204,sts-113,0,0,0,0,0,0,0,0,0,0,0,0,0,0,0,0,0,0,0,0
2205,sts-113,0,0,0,0,0,0,0,0,0,0,0,0,0,0,0,0,0,0,0,0
2206,sts-113,0,0,0,0,0,0,0,0,0,0,0,0,0,0,0,0,0,0,0,0
2207,sts-113,0,0,0,0,0,0,0,0,0,0,0,0,0,0,0,0,0,0,0,0
2208,sts-112,0,0,0,0,0,0,0,0,0,0,0,0,0,0,0,0,0,0,0,0
2209,sts-112,0,0,0,0,0,0,0,0,0,0,0,0,0,0,0,0,0,0,0,0
2210,sts-112,0,0,0,0,0,0,0,0,0,0,0,0,0,0,0,0,0,0,0,0
2211,sts-112,0,0,0,0,0,0,0,0,0,0,0,0,0,0,0,0,0,0,0,0
2212,sts-112,0,0,0,0,0,0,0,0,0,0,0,0,0,0,0,0,0,0,0,0
2213,sts-112,0,0,0,0,0,0,0,0,0,0,0,0,0,0,0,0,0,0,0,0
2214,sts-112,0,0,0,0,0,0,0,0,0,0,0,0,0,0,0,0,0,0,0,0
2215,sts-112,0,0,0,0,0,0,0,0,0,0,0,0,0,0,0,0,0,0,0,0
2216,sts-111,0,0,0,0,0,0,0,0,0,0,0,0,0,0,0,0,0,0,0,0
2217,sts-111,0,0,0,0,0,0,0,0,0,0,0,0,0,0,0,0,0,0,0,0
2218,sts-111,0,0,0,0,0,0,0,0,0,0,0,0,0,0,0,0,0,0,0,0
2219,sts-111,0,0,0,0,0,0,0,0,0,0,0,0,0,0,0,0,0,0,0,0
2220,sts-111,0,0,0,0,0,0,0,0,0,0,0,0,0,0,0,0,0,0,0,0
2221,sts-111,0,0,0,0,0,0,0,0,0,0,0,0,0,0,0,0,0,0,0,0
2222,sts-111,0,0,0,0,0,0,0,0,0,0,0,0,0,0,0,0,0,0,0,0
2223,sts-111,0,0,0,0,0,0,0,0,0,0,0,0,0,0,0,0,0,0,0,0
2224,sts-111,0,0,0,0,0,0,0,0,0,0,0,0,0,0,0,0,0,0,0,0
2225,sts-110,0,0,0,0,0,0,0,0,0,0,0,0,0,0,0,0,0,0,0,0
2226,sts-110,0,0,0,0,0,0,0,0,0,0,0,0,0,0,0,0,0,0,0,0
2227,sts-110,0,0,0,0,0,0,0,0,0,0,0,0,0,0,0,0,0,0,0,0
2228,sts-110,0,0,0,0,0,0,0,0,0,0,0,0,0,0,0,0,0,0,0,0
2229,sts-110,0,0,0,0,0,0,0,0,0,0,0,0,0,0,0,0,0,0,0,0
2230,sts-110,0,0,0,0,0,0,0,0,0,0,0,0,0,0,0,0,0,0,0,0
2231,sts-110,0,0,0,0,0,0,0,0,0,0,0,0,0,0,0,0,0,0,0,0
2232,sts-110,0,0,0,0,0,0,0,0,0,0,0,0,0,0,0,0,0,0,0,0
2233,sts-110,0,0,0,0,0,0,0,0,0,0,0,0,0,0,0,0,0,0,0,0
2234,sts-110,0,0,0,0,0,0,0,0,0,0,0,0,0,0,0,0,0,0,0,0
2235,sts-109,0,0,0,0,0,0,0,0,0,0,0,0,0,0,0,0,0,0,0,0
2236,sts-109,0,0,0,0,0,0,0,0,0,0,0,0,0,0,0,0,0,0,0,0
2237,sts-109,0,0,0,0,0,0,0,0,0,0,0,0,0,0,0,0,0,0,0,0
2238,sts-109,0,0,0,0,0,0,0,0,0,0,0,0,0,0,0,0,0,0,0,0
2239,sts-109,0,0,0,0,0,0,0,0,0,0,0,0,0,0,0,0,0,0,0,0
2240,sts-109,0,0,0,0,0,0,0,0,0,0,0,0,0,0,0,0,0,0,0,0
2241,sts-109,0,0,0,0,0,0,0,0,0,0,0,0,0,0,0,0,0,0,0,0
2242,sts-109,0,0,0,0,0,0,0,0,0,0,0,0,0,0,0,0,0,0,0,0
2243,sts-109,0,0,0,0,0,0,0,0,0,0,0,0,0,0,0,0,0,0,0,0
2244,sts-109,0,0,0,0,0,0,0,0,0,0,0,0,0,0,0,0,0,0,0,0
2245,sts-109,0,0,0,0,0,0,0,0,0,0,0,0,0,0,0,0,0,0,0,0
2246,sts-108,0,0,0,0,0,0,0,0,0,0,0,0,0,0,0,0,0,0,0,0
2247,sts-108,0,0,0,0,0,0,0,0,0,0,0,0,0,0,0,0,0,0,0,0
2248,sts-108,0,0,0,0,0,0,0,0,0,0,0,0,0,0,0,0,0,0,0,0
2249,sts-108,0,0,0,0,0,0,0,0,0,0,0,0,0,0,0,0,0,0,0,0
2250,sts-108,0,0,0,0,0,0,0,0,0,0,0,0,0,0,0,0,0,0,0,0
2251,sts-108,0,0,0,0,0,0,0,0,0,0,0,0,0,0,0,0,0,0,0,0
2252,sts-108,0,0,0,0,0,0,0,0,0,0,0,0,0,0,0,0,0,0,0,0
2253,srs-108,0,0,0,0,0,0,0,0,0,0,0,0,0,0,0,0,0,0,0,0
2254,sts-108,0,0,0,0,0,0,0,0,0,0,0,0,0,0,0,0,0,0,0,0
2255,sts-108,0,0,0,0,0,0,0,0,0,0,0,0,0,0,0,0,0,0,0,0
2256,sts-108,0,0,0,0,0,0,0,0,0,0,0,0,0,0,0,0,0,0,0,0
2257,sts-105,0,0,0,0,0,0,0,0,0,0,0,0,0,0,0,0,0,0,0,0
2258,sts-105,0,0,0,0,0,0,0,0,0,0,0,0,0,0,0,0,0,0,0,0
2259,sts-105,0,0,0,0,0,0,0,0,0,0,0,0,0,0,0,0,0,0,0,0
2260,sts-105,0,0,0,0,0,0,0,0,0,0,0,0,0,0,0,0,0,0,0,0
2261,sts-105,0,0,0,0,0,0,0,0,0,0,0,0,0,0,0,0,0,0,0,0
2262,sts-105,0,0,0,0,0,0,0,0,0,0,0,0,0,0,0,0,0,0,0,0
2263,sts-105,0,0,0,0,0,0,0,0,0,0,0,0,0,0,0,0,0,0,0,0
2264,sts-105,0,0,0,0,0,0,0,0,0,0,0,0,0,0,0,0,0,0,0,0
2265,sts-105,0,0,0,0,0,0,0,0,0,0,0,0,0,0,0,0,0,0,0,0
2266,sts-104,0,0,0,0,0,0,0,0,0,0,0,0,0,0,0,0,0,0,0,0
2267,sts-104,0,0,0,0,0,0,0,0,0,0,0,0,0,0,0,0,0,0,0,0
2268,sts-104,0,0,0,0,0,0,0,0,0,0,0,0,0,0,0,0,0,0,0,0
2269,sts-104,0,0,0,0,0,0,0,0,0,0,0,0,0,0,0,0,0,0,0,0
2270,sts-104,0,0,0,0,0,0,0,0,0,0,0,0,0,0,0,0,0,0,0,0
2271,sts-104,0,0,0,0,0,0,0,0,0,0,0,0,0,0,0,0,0,0,0,0
2272,sts-104,0,0,0,0,0,0,0,0,0,0,0,0,0,0,0,0,0,0,0,0
2273,sts-104,0,0,0,0,0,0,0,0,0,0,0,0,0,0,0,0,0,0,0,0
2274,sts-104,0,0,0,0,0,0,0,0,0,0,0,0,0,0,0,0,0,0,0,0
2275,sts-104,0,0,0,0,0,0,0,0,0,0,0,0,0,0,0,0,0,0,0,0
2276,sts-104,0,0,0,0,0,0,0,0,0,0,0,0,0,0,0,0,0,0,0,0
2277,sts-104,0,0,0,0,0,0,0,0,0,0,0,0,0,0,0,0,0,0,0,0
2278,sts-100,0,0,0,0,0,0,0,0,0,0,0,0,0,0,0,0,0,0,0,0
2279,sts-100,0,0,0,0,0,0,0,0,0,0,0,0,0,0,0,0,0,0,0,0
2280,sts-100,0,0,0,0,0,0,0,0,0,0,0,0,0,0,0,0,0,0,0,0
2281,sts-100,0,0,0,0,0,0,0,0,0,0,0,0,0,0,0,0,0,0,0,0
2282,sts-100,0,0,0,0,0,0,0,0,0,0,0,0,0,0,0,0,0,0,0,0
2283,sts-100,0,0,0,0,0,0,0,0,0,0,0,0,0,0,0,0,0,0,0,0
2284,sts-100,0,0,0,0,0,0,0,0,0,0,0,0,0,0,0,0,0,0,0,0
2285,sts-100,0,0,0,0,0,0,0,0,0,0,0,0,0,0,0,0,0,0,0,0
2286,sts-102,0,0,0,0,0,0,0,0,0,0,0,0,0,0,0,0,0,0,0,0
2287,sts-102,0,0,0,0,0,0,0,0,0,0,0,0,0,0,0,0,0,0,0,0
2288,sts-102,0,0,0,0,0,0,0,0,0,0,0,0,0,0,0,0,0,0,0,0
2289,sts-102,0,0,0,0,0,0,0,0,0,0,0,0,0,0,0,0,0,0,0,0
2290,sts-102,0,0,0,0,0,0,0,0,0,0,0,0,0,0,0,0,0,0,0,0
2291,sts-102,0,0,0,0,0,0,0,0,0,0,0,0,0,0,0,0,0,0,0,0
2292,sts-102,0,0,0,0,0,0,0,0,0,0,0,0,0,0,0,0,0,0,0,0
2293,sts-102,0,0,0,0,0,0,0,0,0,0,0,0,0,0,0,0,0,0,0,0
2294,sts-102,0,0,0,0,0,0,0,0,0,0,0,0,0,0,0,0,0,0,0,0
2295,sts-98,0,0,0,0,0,0,0,0,0,0,0,0,0,0,0,0,0,0,0,0
2296,sts-98,0,0,0,0,0,0,0,0,0,0,0,0,0,0,0,0,0,0,0,0
2297,sts-98,0,0,0,0,0,0,0,0,0,0,0,0,0,0,0,0,0,0,0,0
2298,sts-98,0,0,0,0,0,0,0,0,0,0,0,0,0,0,0,0,0,0,0,0
2299,sts-98,0,0,0,0,0,0,0,0,0,0,0,0,0,0,0,0,0,0,0,0
2300,sts-98,0,0,0,0,0,0,0,0,0,0,0,0,0,0,0,0,0,0,0,0
2301,sts-98,0,0,0,0,0,0,0,0,0,0,0,0,0,0,0,0,0,0,0,0
2302,sts-98,0,0,0,0,0,0,0,0,0,0,0,0,0,0,0,0,0,0,0,0
2303,sts-98,0,0,0,0,0,0,0,0,0,0,0,0,0,0,0,0,0,0,0,0
2304,sts-98,0,0,0,0,0,0,0,0,0,0,0,0,0,0,0,0,0,0,0,0
2305,sts-98,0,0,0,0,0,0,0,0,0,0,0,0,0,0,0,0,0,0,0,0
2306,sts-97,0,0,0,0,0,0,0,0,0,0,0,0,0,0,0,0,0,0,0,0
2307,sts-97,0,0,0,0,0,0,0,0,0,0,0,0,0,0,0,0,0,0,0,0
2308,sts-97,0,0,0,0,0,0,0,0,0,0,0,0,0,0,0,0,0,0,0,0
2309,sts-97,0,0,0,0,0,0,0,0,0,0,0,0,0,0,0,0,0,0,0,0
2310,sts-97,0,0,0,0,0,0,0,0,0,0,0,0,0,0,0,0,0,0,0,0
2311,sts-97,0,0,0,0,0,0,0,0,0,0,0,0,0,0,0,0,0,0,0,0
2312,sts-97,0,0,0,0,0,0,0,0,0,0,0,0,0,0,0,0,0,0,0,0
2313,sts-97,0,0,0,0,0,0,0,0,0,0,0,0,0,0,0,0,0,0,0,0
2314,sts-97,0,0,0,0,0,0,0,0,0,0,0,0,0,0,0,0,0,0,0,0
2315,sts-97,0,0,0,0,0,0,0,0,0,0,0,0,0,0,0,0,0,0,0,0
2316,sts-97,0,0,0,0,0,0,0,0,0,0,0,0,0,0,0,0,0,0,0,0
2317,sts-97,0,0,0,0,0,0,0,0,0,0,0,0,0,0,0,0,0,0,0,0
2318,sts-92,0,0,0,0,0,0,0,0,0,0,0,0,0,0,0,0,0,0,0,0
2319,sts-92,0,0,0,0,0,0,0,0,0,0,0,0,0,0,0,0,0,0,0,0
2320,sts-92,0,0,0,0,0,0,0,0,0,0,0,0,0,0,0,0,0,0,0,0
2321,sts-92,0,0,0,0,0,0,0,0,0,0,0,0,0,0,0,0,0,0,0,0
2322,sts-92,0,0,0,0,0,0,0,0,0,0,0,0,0,0,0,0,0,0,0,0
2323,sts-92,0,0,0,0,0,0,0,0,0,0,0,0,0,0,0,0,0,0,0,0
2324,sts-92,0,0,0,0,0,0,0,0,0,0,0,0,0,0,0,0,0,0,0,0
2325,sts-92,0,0,0,0,0,0,0,0,0,0,0,0,0,0,0,0,0,0,0,0
2326,sts-92,0,0,0,0,0,0,0,0,0,0,0,0,0,0,0,0,0,0,0,0
2327,sts-92,0,0,0,0,0,0,0,0,0,0,0,0,0,0,0,0,0,0,0,0
2328,sts-106,0,0,0,0,0,0,0,0,0,0,0,0,0,0,0,0,0,0,0,0
2329,sts-106,0,0,0,0,0,0,0,0,0,0,0,0,0,0,0,0,0,0,0,0
2330,sts-106,0,0,0,0,0,0,0,0,0,0,0,0,0,0,0,0,0,0,0,0
2331,sts-106,0,0,0,0,0,0,0,0,0,0,0,0,0,0,0,0,0,0,0,0
2332,sts-106,0,0,0,0,0,0,0,0,0,0,0,0,0,0,0,0,0,0,0,0
2333,sts-106,0,0,0,0,0,0,0,0,0,0,0,0,0,0,0,0,0,0,0,0
2334,sts-106,0,0,0,0,0,0,0,0,0,0,0,0,0,0,0,0,0,0,0,0
2335,sts-106,0,0,0,0,0,0,0,0,0,0,0,0,0,0,0,0,0,0,0,0
2336,sts-101,0,0,0,0,0,0,0,0,0,0,0,0,0,0,0,0,0,0,0,0
2337,sts-101,0,0,0,0,0,0,0,0,0,0,0,0,0,0,0,0,0,0,0,0
2338,sts-101,0,0,0,0,0,0,0,0,0,0,0,0,0,0,0,0,0,0,0,0
2339,sts-101,0,0,0,0,0,0,0,0,0,0,0,0,0,0,0,0,0,0,0,0
2340,sts-101,0,0,0,0,0,0,0,0,0,0,0,0,0,0,0,0,0,0,0,0
2341,sts-101,0,0,0,0,0,0,0,0,0,0,0,0,0,0,0,0,0,0,0,0
2342,sts-101,0,0,0,0,0,0,0,0,0,0,0,0,0,0,0,0,0,0,0,0
2343,sts-101,0,0,0,0,0,0,0,0,0,0,0,0,0,0,0,0,0,0,0,0
2344,sts-99,0,0,0,0,0,0,0,0,0,0,0,0,0,0,0,0,0,0,0,0
2345,sts-99,0,0,0,0,0,0,0,0,0,0,0,0,0,0,0,0,0,0,0,0
2346,sts-99,0,0,0,0,0,0,0,0,0,0,0,0,0,0,0,0,0,0,0,0
2347,sts-99,0,0,0,0,0,0,0,0,0,0,0,0,0,0,0,0,0,0,0,0
2348,sts-99,0,0,0,0,0,0,0,0,0,0,0,0,0,0,0,0,0,0,0,0
2349,sts-99,0,0,0,0,0,0,0,0,0,0,0,0,0,0,0,0,0,0,0,0
2350,sts-99,0,0,0,0,0,0,0,0,0,0,0,0,0,0,0,0,0,0,0,0
2351,sts-99,0,0,0,0,0,0,0,0,0,0,0,0,0,0,0,0,0,0,0,0
2352,sts-99,0,0,0,0,0,0,0,0,0,0,0,0,0,0,0,0,0,0,0,0
2353,sts-99,0,0,0,0,0,0,0,0,0,0,0,0,0,0,0,0,0,0,0,0
2354,sts-103,0,0,0,0,0,0,0,0,0,0,0,0,0,0,0,0,0,0,0,0
2355,sts-103,0,0,0,0,0,0,0,0,0,0,0,0,0,0,0,0,0,0,0,0
2356,sts-103,0,0,0,0,0,0,0,0,0,0,0,0,0,0,0,0,0,0,0,0
2357,sts-103,0,0,0,0,0,0,0,0,0,0,0,0,0,0,0,0,0,0,0,0
2358,sts-103,0,0,0,0,0,0,0,0,0,0,0,0,0,0,0,0,0,0,0,0
2359,sts-103,0,0,0,0,0,0,0,0,0,0,0,0,0,0,0,0,0,0,0,0
2360,sts-103,0,0,0,0,0,0,0,0,0,0,0,0,0,0,0,0,0,0,0,0
2361,sts-103,0,0,0,0,0,0,0,0,0,0,0,0,0,0,0,0,0,0,0,0
2362,sts-103,0,0,0,0,0,0,0,0,0,0,0,0,0,0,0,0,0,0,0,0
2363,sts-103,0,0,0,0,0,0,0,0,0,0,0,0,0,0,0,0,0,0,0,0
2364,sts-93,0,0,0,0,0,0,0,0,0,0,0,0,0,0,0,0,0,0,0,0
2365,sts-93,0,0,0,0,0,0,0,0,0,0,0,0,0,0,0,0,0,0,0,0
2366,sts-93,0,0,0,0,0,0,0,0,0,0,0,0,0,0,0,0,0,0,0,0
2367,sts-93,0,0,0,0,0,0,0,0,0,0,0,0,0,0,0,0,0,0,0,0
2368,sts-93,0,0,0,0,0,0,0,0,0,0,0,0,0,0,0,0,0,0,0,0
2369,sts-93,0,0,0,0,0,0,0,0,0,0,0,0,0,0,0,0,0,0,0,0
2370,sts-93,0,0,0,0,0,0,0,0,0,0,0,0,0,0,0,0,0,0,0,0
2371,sts-93,0,0,0,0,0,0,0,0,0,0,0,0,0,0,0,0,0,0,0,0
2372,sts-93,0,0,0,0,0,0,0,0,0,0,0,0,0,0,0,0,0,0,0,0
2373,sts-93,0,0,0,0,0,0,0,0,0,0,0,0,0,0,0,0,0,0,0,0
2374,sts-93,0,0,0,0,0,0,0,0,0,0,0,0,0,0,0,0,0,0,0,0
2375,sts-93,0,0,0,0,0,0,0,0,0,0,0,0,0,0,0,0,0,0,0,0
2376,sts-93,0,0,0,0,0,0,0,0,0,0,0,0,0,0,0,0,0,0,0,0
2377,sts-96,0,0,0,0,0,0,0,0,0,0,0,0,0,0,0,0,0,0,0,0
2378,sts-96,0,0,0,0,0,0,0,0,0,0,0,0,0,0,0,0,0,0,0,0
2379,sts-96,0,0,0,0,0,0,0,0,0,0,0,0,0,0,0,0,0,0,0,0
2380,sts-96,0,0,0,0,0,0,0,0,0,0,0,0,0,0,0,0,0,0,0,0
2381,sts-96,0,0,0,0,0,0,0,0,0,0,0,0,0,0,0,0,0,0,0,0
2382,sts-96,0,0,0,0,0,0,0,0,0,0,0,0,0,0,0,0,0,0,0,0
2383,sts-96,0,0,0,0,0,0,0,0,0,0,0,0,0,0,0,0,0,0,0,0
2384,sts-96,0,0,0,0,0,0,0,0,0,0,0,0,0,0,0,0,0,0,0,0
2385,sts-88,0,0,0,0,0,0,0,0,0,0,0,0,0,0,0,0,0,0,0,0
2386,sts-88,0,0,0,0,0,0,0,0,0,0,0,0,0,0,0,0,0,0,0,0
2387,sts-88,0,0,0,0,0,0,0,0,0,0,0,0,0,0,0,0,0,0,0,0
2388,sts-88,0,0,0,0,0,0,0,0,0,0,0,0,0,0,0,0,0,0,0,0
2389,sts-88,0,0,0,0,0,0,0,0,0,0,0,0,0,0,0,0,0,0,0,0
2390,sts-88,0,0,0,0,0,0,0,0,0,0,0,0,0,0,0,0,0,0,0,0
2391,sts-88,0,0,0,0,0,0,0,0,0,0,0,0,0,0,0,0,0,0,0,0
2392,sts-88,0,0,0,0,0,0,0,0,0,0,0,0,0,0,0,0,0,0,0,0
2393,sts-88,0,0,0,0,0,0,0,0,0,0,0,0,0,0,0,0,0,0,0,0
2394,sts-88,0,0,0,0,0,0,0,0,0,0,0,0,0,0,0,0,0,0,0,0
2395,sts-88,0,0,0,0,0,0,0,0,0,0,0,0,0,0,0,0,0,0,0,0
2396,sts-95,0,0,0,0,0,0,0,0,0,1,0,0,0,0,0,0,0,0,0,0
2397,sts-95,0,0,0,0,0,0,0,0,0,1,0,0,0,0,0,0,0,0,0,0
2398,sts-95,0,0,0,0,0,0,0,0,0,1,0,0,0,0,0,0,0,0,0,0
2399,sts-95,0,0,0,0,0,0,0,0,0,1,0,0,0,0,0,0,0,0,0,0
2400,sts-95,0,0,0,0,0,0,0,0,0,1,0,0,0,0,0,0,0,0,0,0
2401,sts-95,0,0,0,0,0,0,0,0,0,1,0,0,0,0,0,0,0,0,0,0
2402,sts-95,0,0,0,0,0,0,0,0,0,1,0,0,0,0,0,0,0,0,0,0
2403,sts-95,0,0,0,0,0,0,0,0,0,1,0,0,0,0,0,0,0,0,0,0
2404,sts-107,0,0,0,0,0,0,0,0,1,0,0,0,0,0,0,0,0,0,0,0
2405,sts-107,0,0,0,0,0,0,0,0,1,0,0,0,0,0,0,0,0,0,0,0
2406,sts-107,0,0,0,0,0,0,0,0,1,0,0,0,0,0,0,0,0,0,0,0
2407,sts-107,0,0,0,0,0,0,0,0,0,0,0,0,0,0,0,0,0,0,0,0
2408,sts-95,0,0,0,0,0,0,0,0,0,1,0,0,0,0,0,0,0,0,0,0
2409,sts-95,0,0,0,0,0,0,0,0,0,1,0,0,0,0,0,0,0,0,0,0
2410,shuttle_program,0,0,0,0,0,0,0,0,0,0,1,0,0,0,0,0,0,0,0,0
2411,shuttle_program,0,0,0,0,0,0,0,0,0,0,1,0,0,0,0,0,0,0,0,0
2412,shuttle_program,0,0,0,0,0,0,0,0,0,0,1,0,0,0,0,0,0,0,0,0
2413,shuttle_program,0,0,0,0,0,0,0,0,0,0,1,0,0,0,0,0,0,0,0,0
2414,shuttle_program,0,0,0,0,0,0,0,0,0,0,1,0,0,0,0,0,0,0,0,0
2415,shuttle_program,0,0,0,0,0,0,0,0,0,0,1,0,0,0,0,0,0,0,0,0
2416,shuttle_program,0,0,0,0,0,0,0,0,0,0,1,0,0,0,0,0,0,0,0,0
2417,shuttle_program,0,0,0,0,0,0,0,0,0,0,1,0,0,0,0,0,0,0,0,0
2418,shuttle_program,0,0,0,0,0,0,0,0,0,0,1,0,0,0,0,0,0,0,0,0
2419,shuttle_program,0,0,0,0,0,0,0,0,0,0,1,0,0,0,0,0,0,0,0,0
2420,shuttle_program,0,0,0,0,0,0,0,0,0,0,1,0,0,0,0,0,0,0,0,0
2421,shuttle_program,0,0,0,0,0,0,0,0,0,0,1,0,0,0,0,0,0,0,0,0
2422,shuttle_program,0,0,0,0,0,0,0,0,0,0,1,0,0,0,0,0,0,0,0,0
2423,shuttle_program,0,0,0,0,0,0,0,0,0,0,1,0,0,0,0,0,0,0,0,0
2424,shuttle_program,0,0,0,0,0,0,0,0,0,0,1,0,0,0,0,0,0,0,0,0
3000,sts-32,0,0,0,0,0,0,0,0,0,0,0,0,0,0,0,0,0,0,0,0
3001,sts-32,0,0,0,0,0,0,0,0,0,0,0,0,0,0,0,0,0,0,0,0
3002,sts-32,0,0,0,0,0,0,0,0,0,0,0,0,0,0,0,0,0,0,0,0
3003,sts-32,0,0,0,0,0,0,0,0,0,0,0,0,0,0,0,0,0,0,0,0
3004,sts-32,0,0,0,0,0,0,0,0,0,0,0,0,0,0,0,0,0,0,0,0
3005,sts-32,0,0,0,0,0,0,0,0,0,0,0,0,0,0,0,0,0,0,0,0
3006,sts-32,0,0,0,0,0,0,0,0,0,0,0,0,0,0,0,0,0,0,0,0
3007,sts-32,0,0,0,0,0,0,0,0,0,0,0,0,0,0,0,0,0,0,0,0
3008,sts-36,0,0,0,0,0,0,0,0,0,0,0,0,0,0,0,0,0,0,0,0
3009,sts-36,0,0,0,0,0,0,0,0,0,0,0,0,0,0,0,0,0,0,0,0
3010,sts-36,0,0,0,0,0,0,0,0,0,0,0,0,0,0,0,0,0,0,0,0
3011,sts-36,0,0,0,0,0,0,0,0,0,0,0,0,0,0,0,0,0,0,0,0
3012,sts-36,0,0,0,0,0,0,0,0,0,0,0,0,0,0,0,0,0,0,0,0
3013,sts-36,0,0,0,0,0,0,0,0,0,0,0,0,0,0,0,0,0,0,0,0
3014,sts-36,0,0,0,0,0,0,0,0,0,0,0,0,0,0,0,0,0,0,0,0
3015,sts-36,0,0,0,0,0,0,0,0,0,0,0,0,0,0,0,0,0,0,0,0
3016,sts-36,0,0,0,0,0,0,0,0,0,0,0,0,0,0,0,0,0,0,0,0
3017,sts-31,0,0,0,0,0,0,0,0,0,0,0,0,0,0,0,0,0,0,0,0
3018,sts-31,0,0,0,0,0,0,0,0,0,0,0,0,0,0,0,0,0,0,0,0
3019,sts-31,0,0,0,0,0,0,0,0,0,0,0,0,0,0,0,0,0,0,0,0
3020,sts-31,0,0,0,0,0,0,0,0,0,0,0,0,0,0,0,0,0,0,0,0
3021,sts-31,0,0,0,0,0,0,0,0,0,0,0,0,0,0,0,0,0,0,0,0
3022,sts-31,0,0,0,0,0,0,0,0,0,0,0,0,0,0,0,0,0,0,0,0
3023,sts-41,0,0,0,0,0,0,0,0,0,0,0,0,0,0,0,0,0,0,0,0
3024,sts-41,0,0,0,0,0,0,0,0,0,0,0,0,0,0,0,0,0,0,0,0
3025,sts-41,0,0,0,0,0,0,0,0,0,0,0,0,0,0,0,0,0,0,0,0
3026,sts-41,0,0,0,0,0,0,0,0,0,0,0,0,0,0,0,0,0,0,0,0
3027,sts-41,0,0,0,0,0,0,0,0,0,0,0,0,0,0,0,0,0,0,0,0
3028,sts-41,0,0,0,0,0,0,0,0,0,0,0,0,0,0,0,0,0,0,0,0
3029,sts-41,0,0,0,0,0,0,0,0,0,0,0,0,0,0,0,0,0,0,0,0
3030,sts-38,0,0,0,0,0,0,0,0,0,0,0,0,0,0,0,0,0,0,0,0
3031,sts-38,0,0,0,0,0,0,0,0,0,0,0,0,0,0,0,0,0,0,0,0
3032,sts-38,0,0,0,0,0,0,0,0,0,0,0,0,0,0,0,0,0,0,0,0
3033,sts-38,0,0,0,0,0,0,0,0,0,0,0,0,0,0,0,0,0,0,0,0
3034,sts-38,0,0,0,0,0,0,0,0,0,0,0,0,0,0,0,0,0,0,0,0
3035,sts-38,0,0,0,0,0,0,0,0,0,0,0,0,0,0,0,0,0,0,0,0
3036,sts-38,0,0,0,0,0,0,0,0,0,0,0,0,0,0,0,0,0,0,0,0
3037,sts-38,0,0,0,0,0,0,0,0,0,0,0,0,0,0,0,0,0,0,0,0
3038,sts-38,0,0,0,0,0,0,0,0,0,0,0,0,0,0,0,0,0,0,0,0
3039,sts-35,0,0,0,0,0,0,0,0,0,0,0,0,0,0,0,0,0,0,0,0
3040,sts-35,0,0,0,0,0,0,0,0,0,0,0,0,0,0,0,0,0,0,0,0
3041,sts-35,0,0,0,0,0,0,0,0,0,0,0,0,0,0,0,0,0,0,0,0
3042,sts-35,0,0,0,0,0,0,0,0,0,0,0,0,0,0,0,0,0,0,0,0
3043,sts-35,0,0,0,0,0,0,0,0,0,0,0,0,0,0,0,0,0,0,0,0
3044,sts-35,0,0,0,0,0,0,0,0,0,0,0,0,0,0,0,0,0,0,0,0
3045,sts-35,0,0,0,0,0,0,0,0,0,0,0,0,0,0,0,0,0,0,0,0
3046,sts-35,0,0,0,0,0,0,0,0,0,0,0,0,0,0,0,0,0,0,0,0
3047,sts-35,0,0,0,0,0,0,0,0,0,0,0,0,0,0,0,0,0,0,0,0
3048,sts-35,0,0,0,0,0,0,0,0,0,0,0,0,0,0,0,0,0,0,0,0
3049,sts-35,0,0,0,0,0,0,0,0,0,0,0,0,0,0,0,0,0,0,0,0
3050,sts-35,0,0,0,0,0,0,0,0,0,0,0,0,0,0,0,0,0,0,0,0
3051,sts-37,0,0,0,0,0,0,0,0,0,0,0,0,0,0,0,0,0,0,0,0
3052,sts-37,0,0,0,0,0,0,0,0,0,0,0,0,0,0,0,0,0,0,0,0
3053,sts-37,0,0,0,0,0,0,0,0,0,0,0,0,0,0,0,0,0,0,0,0
3054,sts-37,0,0,0,0,0,0,0,0,0,0,0,0,0,0,0,0,0,0,0,0
3055,sts-37,0,0,0,0,0,0,0,0,0,0,0,0,0,0,0,0,0,0,0,0
3056,sts-37,0,0,0,0,0,0,0,0,0,0,0,0,0,0,0,0,0,0,0,0
3057,sts-37,0,0,0,0,0,0,0,0,0,0,0,0,0,0,0,0,0,0,0,0
3058,sts-37,0,0,0,0,0,0,0,0,0,0,0,0,0,0,0,0,0,0,0,0
3059,sts-37,0,0,0,0,0,0,0,0,0,0,0,0,0,0,0,0,0,0,0,0
3060,sts-37,0,0,0,0,0,0,0,0,0,0,0,0,0,0,0,0,0,0,0,0
3061,sts-37,0,0,0,0,0,0,0,0,0,0,0,0,0,0,0,0,0,0,0,0
3062,sts-39,0,0,0,0,0,0,0,0,0,0,0,0,0,0,0,0,0,0,0,0
3063,sts-39,0,0,0,0,0,0,0,0,0,0,0,0,0,0,0,0,0,0,0,0
3064,sts-39,0,0,0,0,0,0,0,0,0,0,0,0,0,0,0,0,0,0,0,0
3065,sts-39,0,0,0,0,0,0,0,0,0,0,0,0,0,0,0,0,0,0,0,0
3066,sts-39,0,0,0,0,0,0,0,0,0,0,0,0,0,0,0,0,0,0,0,0
3067,sts-39,0,0,0,0,0,0,0,0,0,0,0,0,0,0,0,0,0,0,0,0
3068,sts-40,0,0,0,0,0,0,0,0,0,0,0,0,0,0,0,0,0,0,0,0
3069,sts-40,0,0,0,0,0,0,0,0,0,0,0,0,0,0,0,0,0,0,0,0
3070,sts-40,0,0,0,0,0,0,0,0,0,0,0,0,0,0,0,0,0,0,0,0
3071,sts-40,0,0,0,0,0,0,0,0,0,0,0,0,0,0,0,0,0,0,0,0
3072,sts-40,0,0,0,0,0,0,0,0,0,0,0,0,0,0,0,0,0,0,0,0
3073,sts-40,0,0,0,0,0,0,0,0,0,0,0,0,0,0,0,0,0,0,0,0
3074,sts-40,0,0,0,0,0,0,0,0,0,0,0,0,0,0,0,0,0,0,0,0
3075,sts-40,0,0,0,0,0,0,0,0,0,0,0,0,0,0,0,0,0,0,0,0
3076,sts-43,0,0,0,0,0,0,0,0,0,0,0,0,0,0,0,0,0,0,0,0
3077,sts-43,0,0,0,0,0,0,0,0,0,0,0,0,0,0,0,0,0,0,0,0
3078,sts-43,0,0,0,0,0,0,0,0,0,0,0,0,0,0,0,0,0,0,0,0
3079,sts-43,0,0,0,0,0,0,0,0,0,0,0,0,0,0,0,0,0,0,0,0
3080,sts-43,0,0,0,0,0,0,0,0,0,0,0,0,0,0,0,0,0,0,0,0
3081,sts-43,0,0,0,0,0,0,0,0,0,0,0,0,0,0,0,0,0,0,0,0
3082,sts-43,0,0,0,0,0,0,0,0,0,0,0,0,0,0,0,0,0,0,0,0
3083,sts-43,0,0,0,0,0,0,0,0,0,0,0,0,0,0,0,0,0,0,0,0
3084,sts-48,0,0,0,0,0,0,0,0,0,0,0,0,0,0,0,0,0,0,0,0
3085,sts-48,0,0,0,0,0,0,0,0,0,0,0,0,0,0,0,0,0,0,0,0
3086,sts-48,0,0,0,0,0,0,0,0,0,0,0,0,0,0,0,0,0,0,0,0
3087,sts-48,0,0,0,0,0,0,0,0,0,0,0,0,0,0,0,0,0,0,0,0
3088,sts-48,0,0,0,0,0,0,0,0,0,0,0,0,0,0,0,0,0,0,0,0
3089,sts-48,0,0,0,0,0,0,0,0,0,0,0,0,0,0,0,0,0,0,0,0
3090,sts-44,0,0,0,0,0,0,0,0,0,0,0,0,0,0,0,0,0,0,0,0
3091,sts-44,0,0,0,0,0,0,0,0,0,0,0,0,0,0,0,0,0,0,0,0
3092,sts-44,0,0,0,0,0,0,0,0,0,0,0,0,0,0,0,0,0,0,0,0
3093,sts-44,0,0,0,0,0,0,0,0,0,0,0,0,0,0,0,0,0,0,0,0
3094,sts-44,0,0,0,0,0,0,0,0,0,0,0,0,0,0,0,0,0,0,0,0
3095,sts-44,0,0,0,0,0,0,0,0,0,0,0,0,0,0,0,0,0,0,0,0
3096,sts-44,0,0,0,0,0,0,0,0,0,0,0,0,0,0,0,0,0,0,0,0
3097,sts-44,0,0,0,0,0,0,0,0,0,0,0,0,0,0,0,0,0,0,0,0
3098,sts-42,0,0,0,0,0,0,0,0,0,0,0,0,0,0,0,0,0,0,0,0
3099,sts-42,0,0,0,0,0,0,0,0,0,0,0,0,0,0,0,0,0,0,0,0
3100,sts-42,0,0,0,0,0,0,0,0,0,0,0,0,0,0,0,0,0,0,0,0
3101,sts-42,0,0,0,0,0,0,0,0,0,0,0,0,0,0,0,0,0,0,0,0
3102,sts-42,0,0,0,0,0,0,0,0,0,0,0,0,0,0,0,0,0,0,0,0
3103,sts-42,0,0,0,0,0,0,0,0,0,0,0,0,0,0,0,0,0,0,0,0
3104,sts-42,0,0,0,0,0,0,0,0,0,0,0,0,0,0,0,0,0,0,0,0
3105,sts-42,0,0,0,0,0,0,0,0,0,0,0,0,0,0,0,0,0,0,0,0
3106,sts-42,0,0,0,0,0,0,0,0,0,0,0,0,0,0,0,0,0,0,0,0
3107,sts-42,0,0,0,0,0,0,0,0,0,0,0,0,0,0,0,0,0,0,0,0
3108,sts-42,0,0,0,0,0,0,0,0,0,0,0,0,0,0,0,0,0,0,0,0
3109,sts-42,0,0,0,0,0,0,0,0,0,0,0,0,0,0,0,0,0,0,0,0
3110,sts-42,0,0,0,0,0,0,0,0,0,0,0,0,0,0,0,0,0,0,0,0
3111,sts-45,0,0,0,0,0,0,0,0,0,0,0,0,0,0,0,0,0,0,0,0
3112,sts-45,0,0,0,0,0,0,0,0,0,0,0,0,0,0,0,0,0,0,0,0
3113,sts-45,0,0,0,0,0,0,0,0,0,0,0,0,0,0,0,0,0,0,0,0
3114,sts-45,0,0,0,0,0,0,0,0,0,0,0,0,0,0,0,0,0,0,0,0
3115,sts-45,0,0,0,0,0,0,0,0,0,0,0,0,0,0,0,0,0,0,0,0
3116,sts-45,0,0,0,0,0,0,0,0,0,0,0,0,0,0,0,0,0,0,0,0
3117,sts-45,0,0,0,0,0,0,0,0,0,0,0,0,0,0,0,0,0,0,0,0
3118,sts-45,0,0,0,0,0,0,0,0,0,0,0,0,0,0,0,0,0,0,0,0
3119,sts-45,0,0,0,0,0,0,0,0,0,0,0,0,0,0,0,0,0,0,0,0
3120,sts-45,0,0,0,0,0,0,0,0,0,0,0,0,0,0,0,0,0,0,0,0
3121,sts-45,0,0,0,0,0,0,0,0,0,0,0,0,0,0,0,0,0,0,0,0
3122,sts-45,0,0,0,0,0,0,0,0,0,0,0,0,0,0,0,0,0,0,0,0
3123,sts-49,0,0,0,0,0,0,0,0,0,0,0,0,0,0,0,0,0,0,0,0
3124,sts-49,0,0,0,0,0,0,0,0,0,0,0,0,0,0,0,0,0,0,0,0
3125,sts-49,0,0,0,0,0,0,0,0,0,0,0,0,0,0,0,0,0,0,0,0
3126,sts-49,0,0,0,0,0,0,0,0,0,0,0,0,0,0,0,0,0,0,0,0
3127,sts-49,0,0,0,0,0,0,0,0,0,0,0,0,0,0,0,0,0,0,0,0
3128,sts-49,0,0,0,0,0,0,0,0,0,0,0,0,0,0,0,0,0,0,0,0
3129,sts-49,0,0,0,0,0,0,0,0,0,0,0,0,0,0,0,0,0,0,0,0
3130,sts-49,0,0,0,0,0,0,0,0,0,0,0,0,0,0,0,0,0,0,0,0
3131,sts-49,0,0,0,0,0,0,0,0,0,0,0,0,0,0,0,0,0,0,0,0
3132,sts-49,0,0,0,0,0,0,0,0,0,0,0,0,0,0,0,0,0,0,0,0
3133,sts-50,0,0,0,0,0,0,0,0,0,0,0,0,0,0,0,0,0,0,0,0
3134,sts-50,0,0,0,0,0,0,0,0,0,0,0,0,0,0,0,0,0,0,0,0
3135,sts-50,0,0,0,0,0,0,0,0,0,0,0,0,0,0,0,0,0,0,0,0
3136,sts-50,0,0,0,0,0,0,0,0,0,0,0,0,0,0,0,0,0,0,0,0
3137,sts-50,0,0,0,0,0,0,0,0,0,0,0,0,0,0,0,0,0,0,0,0
3138,sts-50,0,0,0,0,0,0,0,0,0,0,0,0,0,0,0,0,0,0,0,0
3139,sts-50,0,0,0,0,0,0,0,0,0,0,0,0,0,0,0,0,0,0,0,0
3140,sts-50,0,0,0,0,0,0,0,0,0,0,0,0,0,0,0,0,0,0,0,0
3141,sts-50,0,0,0,0,0,0,0,0,0,0,0,0,0,0,0,0,0,0,0,0
3142,sts-50,0,0,0,0,0,0,0,0,0,0,0,0,0,0,0,0,0,0,0,0
3143,sts-50,0,0,0,0,0,0,0,0,0,0,0,0,0,0,0,0,0,0,0,0
3144,sts-46,0,0,0,0,0,0,0,0,0,0,0,0,0,0,0,0,0,0,0,0
3145,sts-46,0,0,0,0,0,0,0,0,0,0,0,0,0,0,0,0,0,0,0,0
3146,sts-46,0,0,0,0,0,0,0,0,0,0,0,0,0,0,0,0,0,0,0,0
3147,sts-46,0,0,0,0,0,0,0,0,0,0,0,0,0,0,0,0,0,0,0,0
3148,sts-46,0,0,0,0,0,0,0,0,0,0,0,0,0,0,0,0,0,0,0,0
3149,sts-46,0,0,0,0,0,0,0,0,0,0,0,0,0,0,0,0,0,0,0,0
3150,sts-46,0,0,0,0,0,0,0,0,0,0,0,0,0,0,0,0,0,0,0,0
3151,sts-46,0,0,0,0,0,0,0,0,0,0,0,0,0,0,0,0,0,0,0,0
3152,sts-46,0,0,0,0,0,0,0,0,0,0,0,0,0,0,0,0,0,0,0,0
3153,sts-46,0,0,0,0,0,0,0,0,0,0,0,0,0,0,0,0,0,0,0,0
3154,sts-47,0,0,0,0,0,0,0,0,0,0,0,0,0,0,0,0,0,0,0,0
3155,sts-47,0,0,0,0,0,0,0,0,0,0,0,0,0,0,0,0,0,0,0,0
3156,sts-47,0,0,0,0,0,0,0,0,0,0,0,0,0,0,0,0,0,0,0,0
3157,sts-47,0,0,0,0,0,0,0,0,0,0,0,0,0,0,0,0,0,0,0,0
3158,sts-47,0,0,0,0,0,0,0,0,0,0,0,0,0,0,0,0,0,0,0,0
3159,sts-47,0,0,0,0,0,0,0,0,0,0,0,0,0,0,0,0,0,0,0,0
3160,sts-47,0,0,0,0,0,0,0,0,0,0,0,0,0,0,0,0,0,0,0,0
3161,sts-47,0,0,0,0,0,0,0,0,0,0,0,0,0,0,0,0,0,0,0,0
3162,sts-47,0,0,0,0,0,0,0,0,0,0,0,0,0,0,0,0,0,0,0,0
3163,sts-47,0,0,0,0,0,0,0,0,0,0,0,0,0,0,0,0,0,0,0,0
3164,sts-47,0,0,0,0,0,0,0,0,0,0,0,0,0,0,0,0,0,0,0,0
3165,sts-47,0,0,0,0,0,0,0,0,0,0,0,0,0,0,0,0,0,0,0,0
3166,sts-47,0,0,0,0,0,0,0,0,0,0,0,0,0,0,0,0,0,0,0,0
3167,sts-52,0,0,0,0,0,0,0,0,0,0,0,0,0,0,0,0,0,0,0,0
3168,sts-52,0,0,0,0,0,0,0,0,0,0,0,0,0,0,0,0,0,0,0,0
3169,sts-52,0,0,0,0,0,0,0,0,0,0,0,0,0,0,0,0,0,0,0,0
3170,sts-52,0,0,0,0,0,0,0,0,0,0,0,0,0,0,0,0,0,0,0,0
3171,sts-52,0,0,0,0,0,0,0,0,0,0,0,0,0,0,0,0,0,0,0,0
3172,sts-52,0,0,0,0,0,0,0,0,0,0,0,0,0,0,0,0,0,0,0,0
3173,sts-52,0,0,0,0,0,0,0,0,0,0,0,0,0,0,0,0,0,0,0,0
3174,sts-52,0,0,0,0,0,0,0,0,0,0,0,0,0,0,0,0,0,0,0,0
3175,sts-53,0,0,0,0,0,0,0,0,0,0,0,0,0,0,0,0,0,0,0,0
3176,sts-53,0,0,0,0,0,0,0,0,0,0,0,0,0,0,0,0,0,0,0,0
3177,sts-53,0,0,0,0,0,0,0,0,0,0,0,0,0,0,0,0,0,0,0,0
3178,sts-53,0,0,0,0,0,0,0,0,0,0,0,0,0,0,0,0,0,0,0,0
3179,sts-53,0,0,0,0,0,0,0,0,0,0,0,0,0,0,0,0,0,0,0,0
3180,sts-53,0,0,0,0,0,0,0,0,0,0,0,0,0,0,0,0,0,0,0,0
3181,sts-53,0,0,0,0,0,0,0,0,0,0,0,0,0,0,0,0,0,0,0,0
3182,sts-53,0,0,0,0,0,0,0,0,0,0,0,0,0,0,0,0,0,0,0,0
3183,sts-53,0,0,0,0,0,0,0,0,0,0,0,0,0,0,0,0,0,0,0,0
3184,sts-54,0,0,0,0,0,0,0,0,0,0,0,0,0,0,0,0,0,0,0,0
3185,sts-54,0,0,0,0,0,0,0,0,0,0,0,0,0,0,0,0,0,0,0,0
3186,sts-54,0,0,0,0,0,0,0,0,0,0,0,0,0,0,0,0,0,0,0,0
3187,sts-54,0,0,0,0,0,0,0,0,0,0,0,0,0,0,0,0,0,0,0,0
3188,sts-54,0,0,0,0,0,0,0,0,0,0,0,0,0,0,0,0,0,0,0,0
3189,sts-54,0,0,0,0,0,0,0,0,0,0,0,0,0,0,0,0,0,0,0,0
3190,sts-56,0,0,0,0,0,0,0,0,0,0,0,0,0,0,0,0,0,0,0,0
3191,sts-56,0,0,0,0,0,0,0,0,0,0,0,0,0,0,0,0,0,0,0,0
3192,sts-56,0,0,0,0,0,0,0,0,0,0,0,0,0,0,0,0,0,0,0,0
3193,sts-56,0,0,0,0,0,0,0,0,0,0,0,0,0,0,0,0,0,0,0,0
3194,sts-56,0,0,0,0,0,0,0,0,0,0,0,0,0,0,0,0,0,0,0,0
3195,sts-56,0,0,0,0,0,0,0,0,0,0,0,0,0,0,0,0,0,0,0,0
3196,sts-56,0,0,0,0,0,0,0,0,0,0,0,0,0,0,0,0,0,0,0,0
3197,sts-55,0,0,0,0,0,0,0,0,0,0,0,0,0,0,0,0,0,0,0,0
3198,sts-55,0,0,0,0,0,0,0,0,0,0,0,0,0,0,0,0,0,0,0,0
3199,sts-55,0,0,0,0,0,0,0,0,0,0,0,0,0,0,0,0,0,0,0,0
3200,sts-55,0,0,0,0,0,0,0,0,0,0,0,0,0,0,0,0,0,0,0,0
3201,sts-55,0,0,0,0,0,0,0,0,0,0,0,0,0,0,0,0,0,0,0,0
3202,sts-55,0,0,0,0,0,0,0,0,0,0,0,0,0,0,0,0,0,0,0,0
3203,sts-55,0,0,0,0,0,0,0,0,0,0,0,0,0,0,0,0,0,0,0,0
3204,sts-55,0,0,0,0,0,0,0,0,0,0,0,0,0,0,0,0,0,0,0,0
3205,sts-55,0,0,0,0,0,0,0,0,0,0,0,0,0,0,0,0,0,0,0,0
3206,sts-57,0,0,0,0,0,0,0,0,0,0,0,0,0,0,0,0,0,0,0,0
3207,sts-57,0,0,0,0,0,0,0,0,0,0,0,0,0,0,0,0,0,0,0,0
3208,sts-57,0,0,0,0,0,0,0,0,0,0,0,0,0,0,0,0,0,0,0,0
3209,sts-57,0,0,0,0,0,0,0,0,0,0,0,0,0,0,0,0,0,0,0,0
3210,sts-57,0,0,0,0,0,0,0,0,0,0,0,0,0,0,0,0,0,0,0,0
3211,sts-57,0,0,0,0,0,0,0,0,0,0,0,0,0,0,0,0,0,0,0,0
3212,sts-57,0,0,0,0,0,0,0,0,0,0,0,0,0,0,0,0,0,0,0,0
3222,sts-51,0,0,0,0,0,0,0,0,0,0,0,0,0,0,0,0,0,0,0,0
3223,sts-51,0,0,0,0,0,0,0,0,0,0,0,0,0,0,0,0,0,0,0,0
3224,sts-51,0,0,0,0,0,0,0,0,0,0,0,0,0,0,0,0,0,0,0,0
3225,sts-51,0,0,0,0,0,0,0,0,0,0,0,0,0,0,0,0,0,0,0,0
3226,sts-51,0,0,0,0,0,0,0,0,0,0,0,0,0,0,0,0,0,0,0,0
3227,sts-51,0,0,0,0,0,0,0,0,0,0,0,0,0,0,0,0,0,0,0,0
3228,sts-51,0,0,0,0,0,0,0,0,0,0,0,0,0,0,0,0,0,0,0,0
3229,sts-51,0,0,0,0,0,0,0,0,0,0,0,0,0,0,0,0,0,0,0,0
3230,sts-51,0,0,0,0,0,0,0,0,0,0,0,0,0,0,0,0,0,0,0,0
3231,sts-58,0,0,0,0,0,0,0,0,0,0,0,0,0,0,0,0,0,0,0,0
3232,sts-58,0,0,0,0,0,0,0,0,0,0,0,0,0,0,0,0,0,0,0,0
3233,sts-58,0,0,0,0,0,0,0,0,0,0,0,0,0,0,0,0,0,0,0,0
3234,sts-58,0,0,0,0,0,0,0,0,0,0,0,0,0,0,0,0,0,0,0,0
3235,sts-58,0,0,0,0,0,0,0,0,0,0,0,0,0,0,0,0,0,0,0,0
3236,sts-58,0,0,0,0,0,0,0,0,0,0,0,0,0,0,0,0,0,0,0,0
3237,sts-58,0,0,0,0,0,0,0,0,0,0,0,0,0,0,0,0,0,0,0,0
3238,sts-61,0,0,0,0,0,0,0,0,0,0,0,0,0,0,0,0,0,0,0,0
3239,sts-61,0,0,0,0,0,0,0,0,0,0,0,0,0,0,0,0,0,0,0,0
3240,sts-61,0,0,0,0,0,0,0,0,0,0,0,0,0,0,0,0,0,0,0,0
3241,sts-61,0,0,0,0,0,0,0,0,0,0,0,0,0,0,0,0,0,0,0,0
3242,sts-61,0,0,0,0,0,0,0,0,0,0,0,0,0,0,0,0,0,0,0,0
3243,sts-61,0,0,0,0,0,0,0,0,0,0,0,0,0,0,0,0,0,0,0,0
3244,sts-61,0,0,0,0,0,0,0,0,0,0,0,0,0,0,0,0,0,0,0,0
3245,sts-61,0,0,0,0,0,0,0,0,0,0,0,0,0,0,0,0,0,0,0,0
3246,sts-61,0,0,0,0,0,0,0,0,0,0,0,0,0,0,0,0,0,0,0,0
3247,sts-61,0,0,0,0,0,0,0,0,0,0,0,0,0,0,0,0,0,0,0,0
3248,sts-61,0,0,0,0,0,0,0,0,0,0,0,0,0,0,0,0,0,0,0,0
3249,sts-61,0,0,0,0,0,0,0,0,0,0,0,0,0,0,0,0,0,0,0,0
3250,sts-61,0,0,0,0,0,0,0,0,0,0,0,0,0,0,0,0,0,0,0,0
3251,sts-61,0,0,0,0,0,0,0,0,0,0,0,0,0,0,0,0,0,0,0,0
3252,sts-60,0,0,0,0,0,0,0,0,0,0,0,0,0,0,0,0,0,0,0,0
3253,sts-60,0,0,0,0,0,0,0,0,0,0,0,0,0,0,0,0,0,0,0,0
3254,sts-60,0,0,0,0,0,0,0,0,0,0,0,0,0,0,0,0,0,0,0,0
3255,sts-60,0,0,0,0,0,0,0,0,0,0,0,0,0,0,0,0,0,0,0,0
3256,sts-60,0,0,0,0,0,0,0,0,0,0,0,0,0,0,0,0,0,0,0,0
3257,sts-60,0,0,0,0,0,0,0,0,0,0,0,0,0,0,0,0,0,0,0,0
3258,sts-60,0,0,0,0,0,0,0,0,0,0,0,0,0,0,0,0,0,0,0,0
3259,sts-60,0,0,0,0,0,0,0,0,0,0,0,0,0,0,0,0,0,0,0,0
3260,sts-62,0,0,0,0,0,0,0,0,0,0,0,0,0,0,0,0,0,0,0,0
3261,sts-62,0,0,0,0,0,0,0,0,0,0,0,0,0,0,0,0,0,0,0,0
3262,sts-62,0,0,0,0,0,0,0,0,0,0,0,0,0,0,0,0,0,0,0,0
3263,sts-62,0,0,0,0,0,0,0,0,0,0,0,0,0,0,0,0,0,0,0,0
3264,sts-62,0,0,0,0,0,0,0,0,0,0,0,0,0,0,0,0,0,0,0,0
3265,sts-62,0,0,0,0,0,0,0,0,0,0,0,0,0,0,0,0,0,0,0,0
3266,sts-62,0,0,0,0,0,0,0,0,0,0,0,0,0,0,0,0,0,0,0,0
3267,sts-62,0,0,0,0,0,0,0,0,0,0,0,0,0,0,0,0,0,0,0,0
3268,sts-62,0,0,0,0,0,0,0,0,0,0,0,0,0,0,0,0,0,0,0,0
3269,sts-62,0,0,0,0,0,0,0,0,0,0,0,0,0,0,0,0,0,0,0,0
3270,sts-62,0,0,0,0,0,0,0,0,0,0,0,0,0,0,0,0,0,0,0,0
3271,sts-62,0,0,0,0,0,0,0,0,0,0,0,0,0,0,0,0,0,0,0,0
3272,sts-62,0,0,0,0,0,0,0,0,0,0,0,0,0,0,0,0,0,0,0,0
3273,sts-62,0,0,0,0,0,0,0,0,0,0,0,0,0,0,0,0,0,0,0,0
3274,sts-62,0,0,0,0,0,0,0,0,0,0,0,0,0,0,0,0,0,0,0,0
3275,sts-62,0,0,0,0,0,0,0,0,0,0,0,0,0,0,0,0,0,0,0,0
3276,sts-62,0,0,0,0,0,0,0,0,0,0,0,0,0,0,0,0,0,0,0,0
3277,sts-59,0,0,0,0,0,0,0,0,0,0,0,0,0,0,0,0,0,0,0,0
3278,sts-59,0,0,0,0,0,0,0,0,0,0,0,0,0,0,0,0,0,0,0,0
3279,sts-59,0,0,0,0,0,0,0,0,0,0,0,0,0,0,0,0,0,0,0,0
3280,sts-59,0,0,0,0,0,0,0,0,0,0,0,0,0,0,0,0,0,0,0,0
3281,sts-59,0,0,0,0,0,0,0,0,0,0,0,0,0,0,0,0,0,0,0,0
3282,sts-59,0,0,0,0,0,0,0,0,0,0,0,0,0,0,0,0,0,0,0,0
3283,sts-59,0,0,0,0,0,0,0,0,0,0,0,0,0,0,0,0,0,0,0,0
3284,sts-59,0,0,0,0,0,0,0,0,0,0,0,0,0,0,0,0,0,0,0,0
3285,sts-59,0,0,0,0,0,0,0,0,0,0,0,0,0,0,0,0,0,0,0,0
3286,sts-59,0,0,0,0,0,0,0,0,0,0,0,0,0,0,0,0,0,0,0,0
3287,sts-59,0,0,0,0,0,0,0,0,0,0,0,0,0,0,0,0,0,0,0,0
3288,sts-59,0,0,0,0,0,0,0,0,0,0,0,0,0,0,0,0,0,0,0,0
3289,sts-59,0,0,0,0,0,0,0,0,0,0,0,0,0,0,0,0,0,0,0,0
3290,sts-59,0,0,0,0,0,0,0,0,0,0,0,0,0,0,0,0,0,0,0,0
3291,sts-59,0,0,0,0,0,0,0,0,0,0,0,0,0,0,0,0,0,0,0,0
3292,sts-59,0,0,0,0,0,0,0,0,0,0,0,0,0,0,0,0,0,0,0,0
3293,sts-59,0,0,0,0,0,0,0,0,0,0,0,0,0,0,0,0,0,0,0,0
3294,sts-59,0,0,0,0,0,0,0,0,0,0,0,0,0,0,0,0,0,0,0,0
3295,sts-65,0,0,0,0,0,0,0,0,0,0,0,0,0,0,0,0,0,0,0,0
3296,sts-65,0,0,0,0,0,0,0,0,0,0,0,0,0,0,0,0,0,0,0,0
3297,sts-65,0,0,0,0,0,0,0,0,0,0,0,0,0,0,0,0,0,0,0,0
3298,sts-65,0,0,0,0,0,0,0,0,0,0,0,0,0,0,0,0,0,0,0,0
3299,sts-65,0,0,0,0,0,0,0,0,0,0,0,0,0,0,0,0,0,0,0,0
3300,sts-65,0,0,0,0,0,0,0,0,0,0,0,0,0,0,0,0,0,0,0,0
3301,sts-65,0,0,0,0,0,0,0,0,0,0,0,0,0,0,0,0,0,0,0,0
3302,sts-65,0,0,0,0,0,0,0,0,0,0,0,0,0,0,0,0,0,0,0,0
3303,sts-65,0,0,0,0,0,0,0,0,0,0,0,0,0,0,0,0,0,0,0,0
3304,sts-65,0,0,0,0,0,0,0,0,0,0,0,0,0,0,0,0,0,0,0,0
3305,sts-65,0,0,0,0,0,0,0,0,0,0,0,0,0,0,0,0,0,0,0,0
3306,sts-65,0,0,0,0,0,0,0,0,0,0,0,0,0,0,0,0,0,0,0,0
3307,sts-64,0,0,0,0,0,0,0,0,0,0,0,0,0,0,0,0,0,0,0,0
3308,sts-64,0,0,0,0,0,0,0,0,0,0,0,0,0,0,0,0,0,0,0,0
3309,sts-64,0,0,0,0,0,0,0,0,0,0,0,0,0,0,0,0,0,0,0,0
3310,sts-64,0,0,0,0,0,0,0,0,0,0,0,0,0,0,0,0,0,0,0,0
3311,sts-64,0,0,0,0,0,0,0,0,0,0,0,0,0,0,0,0,0,0,0,0
3312,sts-64,0,0,0,0,0,0,0,0,0,0,0,0,0,0,0,0,0,0,0,0
3313,sts-64,0,0,0,0,0,0,0,0,0,0,0,0,0,0,0,0,0,0,0,0
3314,sts-64,0,0,0,0,0,0,0,0,0,0,0,0,0,0,0,0,0,0,0,0
3315,sts-68,0,0,0,0,0,0,0,0,0,0,0,0,0,0,0,0,0,0,0,0
3316,sts-68,0,0,0,0,0,0,0,0,0,0,0,0,0,0,0,0,0,0,0,0
3317,sts-68,0,0,0,0,0,0,0,0,0,0,0,0,0,0,0,0,0,0,0,0
3318,sts-68,0,0,0,0,0,0,0,0,0,0,0,0,0,0,0,0,0,0,0,0
3319,sts-68,0,0,0,0,0,0,0,0,0,0,0,0,0,0,0,0,0,0,0,0
3320,sts-68,0,0,0,0,0,0,0,0,0,0,0,0,0,0,0,0,0,0,0,0
3321,sts-68,0,0,0,0,0,0,0,0,0,0,0,0,0,0,0,0,0,0,0,0
3322,sts-68,0,0,0,0,0,0,0,0,0,0,0,0,0,0,0,0,0,0,0,0
3323,sts-66,0,0,0,0,0,0,0,0,0,0,0,0,0,0,0,0,0,0,0,0
3324,sts-66,0,0,0,0,0,0,0,0,0,0,0,0,0,0,0,0,0,0,0,0
3325,sts-66,0,0,0,0,0,0,0,0,0,0,0,0,0,0,0,0,0,0,0,0
3326,sts-66,0,0,0,0,0,0,0,0,0,0,0,0,0,0,0,0,0,0,0,0
3327,sts-66,0,0,0,0,0,0,0,0,0,0,0,0,0,0,0,0,0,0,0,0
3328,sts-66,0,0,0,0,0,0,0,0,0,0,0,0,0,0,0,0,0,0,0,0
3329,sts-66,0,0,0,0,0,0,0,0,0,0,0,0,0,0,0,0,0,0,0,0
3330,sts-66,0,0,0,0,0,0,0,0,0,0,0,0,0,0,0,0,0,0,0,0
3331,sts-66,0,0,0,0,0,0,0,0,0,0,0,0,0,0,0,0,0,0,0,0
3332,sts-66,0,0,0,0,0,0,0,0,0,0,0,0,0,0,0,0,0,0,0,0
3333,sts-63,0,0,0,0,0,0,0,0,0,0,0,0,0,0,0,0,0,0,0,0
3334,sts-63,0,0,0,0,0,0,0,0,0,0,0,0,0,0,0,0,0,0,0,0
3335,sts-63,0,0,0,0,0,0,0,0,0,0,0,0,0,0,0,0,0,0,0,0
3336,sts-63,0,0,0,0,0,0,0,0,0,0,0,0,0,0,0,0,0,0,0,0
3337,sts-63,0,0,0,0,0,0,0,0,0,0,0,0,0,0,0,0,0,0,0,0
3338,sts-63,0,0,0,0,0,0,0,0,0,0,0,0,0,0,0,0,0,0,0,0
3339,sts-63,0,0,0,0,0,0,0,0,0,0,0,0,0,0,0,0,0,0,0,0
3340,sts-63,0,0,0,0,0,0,0,0,0,0,0,0,0,0,0,0,0,0,0,0
3341,sts-67,0,0,0,0,0,0,0,0,0,0,0,0,0,0,0,0,0,0,0,0
3342,sts-67,0,0,0,0,0,0,0,0,0,0,0,0,0,0,0,0,0,0,0,0
3343,sts-67,0,0,0,0,0,0,0,0,0,0,0,0,0,0,0,0,0,0,0,0
3344,sts-67,0,0,0,0,0,0,0,0,0,0,0,0,0,0,0,0,0,0,0,0
3345,sts-67,0,0,0,0,0,0,0,0,0,0,0,0,0,0,0,0,0,0,0,0
3346,sts-67,0,0,0,0,0,0,0,0,0,0,0,0,0,0,0,0,0,0,0,0
3347,sts-67,0,0,0,0,0,0,0,0,0,0,0,0,0,0,0,0,0,0,0,0
3348,sts-67,0,0,0,0,0,0,0,0,0,0,0,0,0,0,0,0,0,0,0,0
3349,sts-67,0,0,0,0,0,0,0,0,0,0,0,0,0,0,0,0,0,0,0,0
3350,sts-67,0,0,0,0,0,0,0,0,0,0,0,0,0,0,0,0,0,0,0,0
3351,sts-67,0,0,0,0,0,0,0,0,0,0,0,0,0,0,0,0,0,0,0,0
3352,sts-67,0,0,0,0,0,0,0,0,0,0,0,0,0,0,0,0,0,0,0,0
3353,sts-67,0,0,0,0,0,0,0,0,0,0,0,0,0,0,0,0,0,0,0,0
3354,sts-67,0,0,0,0,0,0,0,0,0,0,0,0,0,0,0,0,0,0,0,0
3355,sts-67,0,0,0,0,0,0,0,0,0,0,0,0,0,0,0,0,0,0,0,0
3356,sts-67,0,0,0,0,0,0,0,0,0,0,0,0,0,0,0,0,0,0,0,0
3357,sts-67,0,0,0,0,0,0,0,0,0,0,0,0,0,0,0,0,0,0,0,0
3358,sts-67,0,0,0,0,0,0,0,0,0,0,0,0,0,0,0,0,0,0,0,0
3359,sts-67,0,0,0,0,0,0,0,0,0,0,0,0,0,0,0,0,0,0,0,0
3360,sts-67,0,0,0,0,0,0,0,0,0,0,0,0,0,0,0,0,0,0,0,0
3361,sts-67,0,0,0,0,0,0,0,0,0,0,0,0,0,0,0,0,0,0,0,0
3362,sts-67,0,0,0,0,0,0,0,0,0,0,0,0,0,0,0,0,0,0,0,0
3363,sts-67,0,0,0,0,0,0,0,0,0,0,0,0,0,0,0,0,0,0,0,0
3364,sts-71,0,0,0,0,0,0,0,0,0,0,0,0,0,0,0,0,0,0,0,0
3365,sts-71,0,0,0,0,0,0,0,0,0,0,0,0,0,0,0,0,0,0,0,0
3366,sts-71,0,0,0,0,0,0,0,0,0,0,0,0,0,0,0,0,0,0,0,0
3367,sts-71,0,0,0,0,0,0,0,0,0,0,0,0,0,0,0,0,0,0,0,0
3368,sts-71,0,0,0,0,0,0,0,0,0,0,0,0,0,0,0,0,0,0,0,0
3369,sts-71,0,0,0,0,0,0,0,0,0,0,0,0,0,0,0,0,0,0,0,0
3370,sts-71,0,0,0,0,0,0,0,0,0,0,0,0,0,0,0,0,0,0,0,0
3371,sts-71,0,0,0,0,0,0,0,0,0,0,0,0,0,0,0,0,0,0,0,0
3372,sts-71,0,0,0,0,0,0,0,0,0,0,0,0,0,0,0,0,0,0,0,0
3373,sts-70,0,0,0,0,0,0,0,0,0,0,0,0,0,0,0,0,0,0,0,0
3374,sts-70,0,0,0,0,0,0,0,0,0,0,0,0,0,0,0,0,0,0,0,0
3375,sts-70,0,0,0,0,0,0,0,0,0,0,0,0,0,0,0,0,0,0,0,0
3376,sts-70,0,0,0,0,0,0,0,0,0,0,0,0,0,0,0,0,0,0,0,0
3377,sts-70,0,0,0,0,0,0,0,0,0,0,0,0,0,0,0,0,0,0,0,0
3378,sts-70,0,0,0,0,0,0,0,0,0,0,0,0,0,0,0,0,0,0,0,0
3379,sts-70,0,0,0,0,0,0,0,0,0,0,0,0,0,0,0,0,0,0,0,0
3380,sts-70,0,0,0,0,0,0,0,0,0,0,0,0,0,0,0,0,0,0,0,0
3381,sts-70,0,0,0,0,0,0,0,0,0,0,0,0,0,0,0,0,0,0,0,0
3382,sts-70,0,0,0,0,0,0,0,0,0,0,0,0,0,0,0,0,0,0,0,0
3383,sts-70,0,0,0,0,0,0,0,0,0,0,0,0,0,0,0,0,0,0,0,0
3384,sts-69,0,0,0,0,0,0,0,0,0,0,0,0,0,0,0,0,0,0,0,0
3385,sts-69,0,0,0,0,0,0,0,0,0,0,0,0,0,0,0,0,0,0,0,0
3386,sts-69,0,0,0,0,0,0,0,0,0,0,0,0,0,0,0,0,0,0,0,0
3387,sts-69,0,0,0,0,0,0,0,0,0,0,0,0,0,0,0,0,0,0,0,0
3388,sts-69,0,0,0,0,0,0,0,0,0,0,0,0,0,0,0,0,0,0,0,0
3389,sts-69,0,0,0,0,0,0,0,0,0,0,0,0,0,0,0,0,0,0,0,0
3390,sts-69,0,0,0,0,0,0,0,0,0,0,0,0,0,0,0,0,0,0,0,0
3391,sts-69,0,0,0,0,0,0,0,0,0,0,0,0,0,0,0,0,0,0,0,0
3392,sts-69,0,0,0,0,0,0,0,0,0,0,0,0,0,0,0,0,0,0,0,0
3393,sts-69,0,0,0,0,0,0,0,0,0,0,0,0,0,0,0,0,0,0,0,0
3394,sts-69,0,0,0,0,0,0,0,0,0,0,0,0,0,0,0,0,0,0,0,0
3395,sts-69,0,0,0,0,0,0,0,0,0,0,0,0,0,0,0,0,0,0,0,0
3396,sts-69,0,0,0,0,0,0,0,0,0,0,0,0,0,0,0,0,0,0,0,0
3397,sts-69,0,0,0,0,0,0,0,0,0,0,0,0,0,0,0,0,0,0,0,0
3398,sts-69,0,0,0,0,0,0,0,0,0,0,0,0,0,0,0,0,0,0,0,0
3399,sts-69,0,0,0,0,0,0,0,0,0,0,0,0,0,0,0,0,0,0,0,0
3400,sts-69,0,0,0,0,0,0,0,0,0,0,0,0,0,0,0,0,0,0,0,0
3401,sts-73,0,0,0,0,0,0,0,0,0,0,0,0,0,0,0,0,0,0,0,0
3402,sts-73,0,0,0,0,0,0,0,0,0,0,0,0,0,0,0,0,0,0,0,0
3403,sts-73,0,0,0,0,0,0,0,0,0,0,0,0,0,0,0,0,0,0,0,0
3404,sts-73,0,0,0,0,0,0,0,0,0,0,0,0,0,0,0,0,0,0,0,0
3405,sts-73,0,0,0,0,0,0,0,0,0,0,0,0,0,0,0,0,0,0,0,0
3406,sts-73,0,0,0,0,0,0,0,0,0,0,0,0,0,0,0,0,0,0,0,0
3407,sts-73,0,0,0,0,0,0,0,0,0,0,0,0,0,0,0,0,0,0,0,0
3408,sts-73,0,0,0,0,0,0,0,0,0,0,0,0,0,0,0,0,0,0,0,0
3409,sts-73,0,0,0,0,0,0,0,0,0,0,0,0,0,0,0,0,0,0,0,0
3410,sts-73,0,0,0,0,0,0,0,0,0,0,0,0,0,0,0,0,0,0,0,0
3411,sts-73,0,0,0,0,0,0,0,0,0,0,0,0,0,0,0,0,0,0,0,0
3412,sts-73,0,0,0,0,0,0,0,0,0,0,0,0,0,0,0,0,0,0,0,0
3413,sts-73,0,0,0,0,0,0,0,0,0,0,0,0,0,0,0,0,0,0,0,0
3414,sts-73,0,0,0,0,0,0,0,0,0,0,0,0,0,0,0,0,0,0,0,0
3415,sts-73,0,0,0,0,0,0,0,0,0,0,0,0,0,0,0,0,0,0,0,0
3416,sts-73,0,0,0,0,0,0,0,0,0,0,0,0,0,0,0,0,0,0,0,0
3417,sts-73,0,0,0,0,0,0,0,0,0,0,0,0,0,0,0,0,0,0,0,0
3418,sts-73,0,0,0,0,0,0,0,0,0,0,0,0,0,0,0,0,0,0,0,0
3419,sts-73,0,0,0,0,0,0,0,0,0,0,0,0,0,0,0,0,0,0,0,0
3420,sts-73,0,0,0,0,0,0,0,0,0,0,0,0,0,0,0,0,0,0,0,0
3421,sts-73,0,0,0,0,0,0,0,0,0,0,0,0,0,0,0,0,0,0,0,0
3422,sts-73,0,0,0,0,0,0,0,0,0,0,0,0,0,0,0,0,0,0,0,0
3423,sts-73,0,0,0,0,0,0,0,0,0,0,0,0,0,0,0,0,0,0,0,0
3424,sts-73,0,0,0,0,0,0,0,0,0,0,0,0,0,0,0,0,0,0,0,0
3425,sts-73,0,0,0,0,0,0,0,0,0,0,0,0,0,0,0,0,0,0,0,0
3426,sts-74,0,0,0,0,0,0,0,0,0,0,0,0,0,0,0,0,0,0,0,0
3427,sts-74,0,0,0,0,0,0,0,0,0,0,0,0,0,0,0,0,0,0,0,0
3428,sts-74,0,0,0,0,0,0,0,0,0,0,0,0,0,0,0,0,0,0,0,0
3429,sts-74,0,0,0,0,0,0,0,0,0,0,0,0,0,0,0,0,0,0,0,0
3430,sts-74,0,0,0,0,0,0,0,0,0,0,0,0,0,0,0,0,0,0,0,0
3431,sts-74,0,0,0,0,0,0,0,0,0,0,0,0,0,0,0,0,0,0,0,0
3432,sts-74,0,0,0,0,0,0,0,0,0,0,0,0,0,0,0,0,0,0,0,0
3433,sts-72,0,0,0,0,0,0,0,0,0,0,0,0,0,0,0,0,0,0,0,0
3434,sts-72,0,0,0,0,0,0,0,0,0,0,0,0,0,0,0,0,0,0,0,0
3435,sts-72,0,0,0,0,0,0,0,0,0,0,0,0,0,0,0,0,0,0,0,0
3436,sts-72,0,0,0,0,0,0,0,0,0,0,0,0,0,0,0,0,0,0,0,0
3437,sts-72,0,0,0,0,0,0,0,0,0,0,0,0,0,0,0,0,0,0,0,0
3438,sts-72,0,0,0,0,0,0,0,0,0,0,0,0,0,0,0,0,0,0,0,0
3439,sts-72,0,0,0,0,0,0,0,0,0,0,0,0,0,0,0,0,0,0,0,0
3440,sts-72,0,0,0,0,0,0,0,0,0,0,0,0,0,0,0,0,0,0,0,0
3441,sts-72,0,0,0,0,0,0,0,0,0,0,0,0,0,0,0,0,0,0,0,0
3442,sts-72,0,0,0,0,0,0,0,0,0,0,0,0,0,0,0,0,0,0,0,0
3443,sts-72,0,0,0,0,0,0,0,0,0,0,0,0,0,0,0,0,0,0,0,0
3444,sts-72,0,0,0,0,0,0,0,0,0,0,0,0,0,0,0,0,0,0,0,0
3445,sts-72,0,0,0,0,0,0,0,0,0,0,0,0,0,0,0,0,0,0,0,0
3446,sts-72,0,0,0,0,0,0,0,0,0,0,0,0,0,0,0,0,0,0,0,0
3447,sts-72,0,0,0,0,0,0,0,0,0,0,0,0,0,0,0,0,0,0,0,0
3448,sts-72,0,0,0,0,0,0,0,0,0,0,0,0,0,0,0,0,0,0,0,0
3449,sts-72,0,0,0,0,0,0,0,0,0,0,0,0,0,0,0,0,0,0,0,0
3450,sts-72,0,0,0,0,0,0,0,0,0,0,0,0,0,0,0,0,0,0,0,0
3451,sts-72,0,0,0,0,0,0,0,0,0,0,0,0,0,0,0,0,0,0,0,0
3452,sts-72,0,0,0,0,0,0,0,0,0,0,0,0,0,0,0,0,0,0,0,0
3453,sts-72,0,0,0,0,0,0,0,0,0,0,0,0,0,0,0,0,0,0,0,0
3454,sts-75,0,0,0,0,0,0,0,0,0,0,0,0,0,0,0,0,0,0,0,0
3455,sts-75,0,0,0,0,0,0,0,0,0,0,0,0,0,0,0,0,0,0,0,0
3456,sts-75,0,0,0,0,0,0,0,0,0,0,0,0,0,0,0,0,0,0,0,0
3457,sts-75,0,0,0,0,0,0,0,0,0,0,0,0,0,0,0,0,0,0,0,0
3458,sts-75,0,0,0,0,0,0,0,0,0,0,0,0,0,0,0,0,0,0,0,0
3459,sts-75,0,0,0,0,0,0,0,0,0,0,0,0,0,0,0,0,0,0,0,0
3460,sts-75,0,0,0,0,0,0,0,0,0,0,0,0,0,0,0,0,0,0,0,0
3461,sts-75,0,0,0,0,0,0,0,0,0,0,0,0,0,0,0,0,0,0,0,0
3462,sts-75,0,0,0,0,0,0,0,0,0,0,0,0,0,0,0,0,0,0,0,0
3463,sts-75,0,0,0,0,0,0,0,0,0,0,0,0,0,0,0,0,0,0,0,0
3464,sts-75,0,0,0,0,0,0,0,0,0,0,0,0,0,0,0,0,0,0,0,0
3465,sts-75,0,0,0,0,0,0,0,0,0,0,0,0,0,0,0,0,0,0,0,0
3466,sts-75,0,0,0,0,0,0,0,0,0,0,0,0,0,0,0,0,0,0,0,0
3467,sts-75,0,0,0,0,0,0,0,0,0,0,0,0,0,0,0,0,0,0,0,0
3468,sts-75,0,0,0,0,0,0,0,0,0,0,0,0,0,0,0,0,0,0,0,0
3469,sts-75,0,0,0,0,0,0,0,0,0,0,0,0,0,0,0,0,0,0,0,0
3470,sts-75,0,0,0,0,0,0,0,0,0,0,0,0,0,0,0,0,0,0,0,0
3471,sts-75,0,0,0,0,0,0,0,0,0,0,0,0,0,0,0,0,0,0,0,0
3472,sts-75,0,0,0,0,0,0,0,0,0,0,0,0,0,0,0,0,0,0,0,0
3473,sts-75,0,0,0,0,0,0,0,0,0,0,0,0,0,0,0,0,0,0,0,0
3474,sts-75,0,0,0,0,0,0,0,0,0,0,0,0,0,0,0,0,0,0,0,0
3475,sts-75,0,0,0,0,0,0,0,0,0,0,0,0,0,0,0,0,0,0,0,0
3476,sts-75,0,0,0,0,0,0,0,0,0,0,0,0,0,0,0,0,0,0,0,0
3477,sts-75,0,0,0,0,0,0,0,0,0,0,0,0,0,0,0,0,0,0,0,0
3478,sts-75,0,0,0,0,0,0,0,0,0,0,0,0,0,0,0,0,0,0,0,0
3479,sts-76,0,0,0,0,0,0,0,0,0,0,0,0,0,0,0,0,0,0,0,0
3480,sts-76,0,0,0,0,0,0,0,0,0,0,0,0,0,0,0,0,0,0,0,0
3481,sts-76,0,0,0,0,0,0,0,0,0,0,0,0,0,0,0,0,0,0,0,0
3482,sts-76,0,0,0,0,0,0,0,0,0,0,0,0,0,0,0,0,0,0,0,0
3483,sts-76,0,0,0,0,0,0,0,0,0,0,0,0,0,0,0,0,0,0,0,0
3484,sts-76,0,0,0,0,0,0,0,0,0,0,0,0,0,0,0,0,0,0,0,0
3485,sts-76,0,0,0,0,0,0,0,0,0,0,0,0,0,0,0,0,0,0,0,0
3486,sts-76,0,0,0,0,0,0,0,0,0,0,0,0,0,0,0,0,0,0,0,0
3487,sts-76,0,0,0,0,0,0,0,0,0,0,0,0,0,0,0,0,0,0,0,0
3488,sts-76,0,0,0,0,0,0,0,0,0,0,0,0,0,0,0,0,0,0,0,0
3489,sts-76,0,0,0,0,0,0,0,0,0,0,0,0,0,0,0,0,0,0,0,0
3490,sts-76,0,0,0,0,0,0,0,0,0,0,0,0,0,0,0,0,0,0,0,0
3491,sts-76,0,0,0,0,0,0,0,0,0,0,0,0,0,0,0,0,0,0,0,0
3492,sts-76,0,0,0,0,0,0,0,0,0,0,0,0,0,0,0,0,0,0,0,0
3493,sts-76,0,0,0,0,0,0,0,0,0,0,0,0,0,0,0,0,0,0,0,0
3494,sts-77,0,0,0,0,0,0,0,0,0,0,0,0,0,0,0,0,0,0,0,0
3495,sts-77,0,0,0,0,0,0,0,0,0,0,0,0,0,0,0,0,0,0,0,0
3496,sts-77,0,0,0,0,0,0,0,0,0,0,0,0,0,0,0,0,0,0,0,0
3497,sts-77,0,0,0,0,0,0,0,0,0,0,0,0,0,0,0,0,0,0,0,0
3498,sts-77,0,0,0,0,0,0,0,0,0,0,0,0,0,0,0,0,0,0,0,0
3499,sts-77,0,0,0,0,0,0,0,0,0,0,0,0,0,0,0,0,0,0,0,0
3500,sts-77,0,0,0,0,0,0,0,0,0,0,0,0,0,0,0,0,0,0,0,0
3501,sts-77,0,0,0,0,0,0,0,0,0,0,0,0,0,0,0,0,0,0,0,0
3502,sts-77,0,0,0,0,0,0,0,0,0,0,0,0,0,0,0,0,0,0,0,0
3503,sts-77,0,0,0,0,0,0,0,0,0,0,0,0,0,0,0,0,0,0,0,0
3504,sts-77,0,0,0,0,0,0,0,0,0,0,0,0,0,0,0,0,0,0,0,0
3505,sts-77,0,0,0,0,0,0,0,0,0,0,0,0,0,0,0,0,0,0,0,0
3506,sts-77,0,0,0,0,0,0,0,0,0,0,0,0,0,0,0,0,0,0,0,0
3507,sts-77,0,0,0,0,0,0,0,0,0,0,0,0,0,0,0,0,0,0,0,0
3508,sts-77,0,0,0,0,0,0,0,0,0,0,0,0,0,0,0,0,0,0,0,0
3509,sts-77,0,0,0,0,0,0,0,0,0,0,0,0,0,0,0,0,0,0,0,0
3510,sts-77,0,0,0,0,0,0,0,0,0,0,0,0,0,0,0,0,0,0,0,0
3511,sts-77,0,0,0,0,0,0,0,0,0,0,0,0,0,0,0,0,0,0,0,0
3512,sts-78,0,0,0,0,0,0,0,0,0,0,0,0,0,0,0,0,0,0,0,0
3513,sts-78,0,0,0,0,0,0,0,0,0,0,0,0,0,0,0,0,0,0,0,0
3514,sts-78,0,0,0,0,0,0,0,0,0,0,0,0,0,0,0,0,0,0,0,0
3515,sts-78,0,0,0,0,0,0,0,0,0,0,0,0,0,0,0,0,0,0,0,0
3516,sts-78,0,0,0,0,0,0,0,0,0,0,0,0,0,0,0,0,0,0,0,0
3517,sts-78,0,0,0,0,0,0,0,0,0,0,0,0,0,0,0,0,0,0,0,0
3518,sts-78,0,0,0,0,0,0,0,0,0,0,0,0,0,0,0,0,0,0,0,0
3519,sts-78,0,0,0,0,0,0,0,0,0,0,0,0,0,0,0,0,0,0,0,0
3520,sts-78,0,0,0,0,0,0,0,0,0,0,0,0,0,0,0,0,0,0,0,0
3521,sts-78,0,0,0,0,0,0,0,0,0,0,0,0,0,0,0,0,0,0,0,0
3522,sts-78,0,0,0,0,0,0,0,0,0,0,0,0,0,0,0,0,0,0,0,0
3523,sts-78,0,0,0,0,0,0,0,0,0,0,0,0,0,0,0,0,0,0,0,0
3524,sts-78,0,0,0,0,0,0,0,0,0,0,0,0,0,0,0,0,0,0,0,0
3525,sts-78,0,0,0,0,0,0,0,0,0,0,0,0,0,0,0,0,0,0,0,0
3526,sts-78,0,0,0,0,0,0,0,0,0,0,0,0,0,0,0,0,0,0,0,0
3527,sts-78,0,0,0,0,0,0,0,0,0,0,0,0,0,0,0,0,0,0,0,0
3528,sts-78,0,0,0,0,0,0,0,0,0,0,0,0,0,0,0,0,0,0,0,0
3529,sts-78,0,0,0,0,0,0,0,0,0,0,0,0,0,0,0,0,0,0,0,0
3530,sts-78,0,0,0,0,0,0,0,0,0,0,0,0,0,0,0,0,0,0,0,0
3531,sts-78,0,0,0,0,0,0,0,0,0,0,0,0,0,0,0,0,0,0,0,0
3532,sts-78,0,0,0,0,0,0,0,0,0,0,0,0,0,0,0,0,0,0,0,0
3533,sts-78,0,0,0,0,0,0,0,0,0,0,0,0,0,0,0,0,0,0,0,0
3534,sts-78,0,0,0,0,0,0,0,0,0,0,0,0,0,0,0,0,0,0,0,0
3535,sts-78,0,0,0,0,0,0,0,0,0,0,0,0,0,0,0,0,0,0,0,0
3536,sts-78,0,0,0,0,0,0,0,0,0,0,0,0,0,0,0,0,0,0,0,0
3537,sts-79,0,0,0,0,0,0,0,0,0,0,0,0,0,0,0,0,0,0,0,0
3538,sts-79,0,0,0,0,0,0,0,0,0,0,0,0,0,0,0,0,0,0,0,0
3539,sts-79,0,0,0,0,0,0,0,0,0,0,0,0,0,0,0,0,0,0,0,0
3540,sts-79,0,0,0,0,0,0,0,0,0,0,0,0,0,0,0,0,0,0,0,0
3541,sts-79,0,0,0,0,0,0,0,0,0,0,0,0,0,0,0,0,0,0,0,0
3542,sts-79,0,0,0,0,0,0,0,0,0,0,0,0,0,0,0,0,0,0,0,0
3543,sts-79,0,0,0,0,0,0,0,0,0,0,0,0,0,0,0,0,0,0,0,0
3544,sts-79,0,0,0,0,0,0,0,0,0,0,0,0,0,0,0,0,0,0,0,0
3545,sts-79,0,0,0,0,0,0,0,0,0,0,0,0,0,0,0,0,0,0,0,0
3546,sts-79,0,0,0,0,0,0,0,0,0,0,0,0,0,0,0,0,0,0,0,0
3547,sts-79,0,0,0,0,0,0,0,0,0,0,0,0,0,0,0,0,0,0,0,0
3548,sts-79,0,0,0,0,0,0,0,0,0,0,0,0,0,0,0,0,0,0,0,0
3549,sts-79,0,0,0,0,0,0,0,0,0,0,0,0,0,0,0,0,0,0,0,0
3550,sts-79,0,0,0,0,0,0,0,0,0,0,0,0,0,0,0,0,0,0,0,0
3551,sts-79,0,0,0,0,0,0,0,0,0,0,0,0,0,0,0,0,0,0,0,0
3552,sts-79,0,0,0,0,0,0,0,0,0,0,0,0,0,0,0,0,0,0,0,0
3553,sts-79,0,0,0,0,0,0,0,0,0,0,0,0,0,0,0,0,0,0,0,0
3554,sts-79,0,0,0,0,0,0,0,0,0,0,0,0,0,0,0,0,0,0,0,0
3555,sts-79,0,0,0,0,0,0,0,0,0,0,0,0,0,0,0,0,0,0,0,0
3556,sts-80,0,0,0,0,0,0,0,0,0,0,0,0,0,0,0,0,0,0,0,0
3557,sts-80,0,0,0,0,0,0,0,0,0,0,0,0,0,0,0,0,0,0,0,0
3558,sts-80,0,0,0,0,0,0,0,0,0,0,0,0,0,0,0,0,0,0,0,0
3559,sts-80,0,0,0,0,0,0,0,0,0,0,0,0,0,0,0,0,0,0,0,0
3560,sts-80,0,0,0,0,0,0,0,0,0,0,0,0,0,0,0,0,0,0,0,0
3561,sts-80,0,0,0,0,0,0,0,0,0,0,0,0,0,0,0,0,0,0,0,0
3562,sts-80,0,0,0,0,0,0,0,0,0,0,0,0,0,0,0,0,0,0,0,0
3563,sts-80,0,0,0,0,0,0,0,0,0,0,0,0,0,0,0,0,0,0,0,0
3564,sts-80,0,0,0,0,0,0,0,0,0,0,0,0,0,0,0,0,0,0,0,0
3565,sts-80,0,0,0,0,0,0,0,0,0,0,0,0,0,0,0,0,0,0,0,0
3566,sts-80,0,0,0,0,0,0,0,0,0,0,0,0,0,0,0,0,0,0,0,0
3567,sts-80,0,0,0,0,0,0,0,0,0,0,0,0,0,0,0,0,0,0,0,0
3568,sts-80,0,0,0,0,0,0,0,0,0,0,0,0,0,0,0,0,0,0,0,0
3569,sts-80,0,0,0,0,0,0,0,0,0,0,0,0,0,0,0,0,0,0,0,0
3570,sts-80,0,0,0,0,0,0,0,0,0,0,0,0,0,0,0,0,0,0,0,0
3571,sts-80,0,0,0,0,0,0,0,0,0,0,0,0,0,0,0,0,0,0,0,0
3572,sts-80,0,0,0,0,0,0,0,0,0,0,0,0,0,0,0,0,0,0,0,0
3573,sts-80,0,0,0,0,0,0,0,0,0,0,0,0,0,0,0,0,0,0,0,0
3574,sts-80,0,0,0,0,0,0,0,0,0,0,0,0,0,0,0,0,0,0,0,0
3575,sts-80,0,0,0,0,0,0,0,0,0,0,0,0,0,0,0,0,0,0,0,0
3576,sts-80,0,0,0,0,0,0,0,0,0,0,0,0,0,0,0,0,0,0,0,0
3577,sts-80,0,0,0,0,0,0,0,0,0,0,0,0,0,0,0,0,0,0,0,0
3578,sts-80,0,0,0,0,0,0,0,0,0,0,0,0,0,0,0,0,0,0,0,0
3579,sts-80,0,0,0,0,0,0,0,0,0,0,0,0,0,0,0,0,0,0,0,0
3580,sts-80,0,0,0,0,0,0,0,0,0,0,0,0,0,0,0,0,0,0,0,0
3581,sts-80,0,0,0,0,0,0,0,0,0,0,0,0,0,0,0,0,0,0,0,0
3582,sts-80,0,0,0,0,0,0,0,0,0,0,0,0,0,0,0,0,0,0,0,0
3583,sts-80,0,0,0,0,0,0,0,0,0,0,0,0,0,0,0,0,0,0,0,0
3584,sts-80,0,0,0,0,0,0,0,0,0,0,0,0,0,0,0,0,0,0,0,0
3585,sts-80,0,0,0,0,0,0,0,0,0,0,0,0,0,0,0,0,0,0,0,0
3586,sts-81,0,0,0,0,0,0,0,0,0,0,0,0,0,0,0,0,0,0,0,0
3587,sts-81,0,0,0,0,0,0,0,0,0,0,0,0,0,0,0,0,0,0,0,0
3588,sts-81,0,0,0,0,0,0,0,0,0,0,0,0,0,0,0,0,0,0,0,0
3589,sts-81,0,0,0,0,0,0,0,0,0,0,0,0,0,0,0,0,0,0,0,0
3590,sts-81,0,0,0,0,0,0,0,0,0,0,0,0,0,0,0,0,0,0,0,0
3591,sts-81,0,0,0,0,0,0,0,0,0,0,0,0,0,0,0,0,0,0,0,0
3592,sts-81,0,0,0,0,0,0,0,0,0,0,0,0,0,0,0,0,0,0,0,0
3593,sts-81,0,0,0,0,0,0,0,0,0,0,0,0,0,0,0,0,0,0,0,0
3594,sts-81,0,0,0,0,0,0,0,0,0,0,0,0,0,0,0,0,0,0,0,0
3595,sts-81,0,0,0,0,0,0,0,0,0,0,0,0,0,0,0,0,0,0,0,0
3596,sts-81,0,0,0,0,0,0,0,0,0,0,0,0,0,0,0,0,0,0,0,0
3597,sts-81,0,0,0,0,0,0,0,0,0,0,0,0,0,0,0,0,0,0,0,0
3598,sts-81,0,0,0,0,0,0,0,0,0,0,0,0,0,0,0,0,0,0,0,0
3599,sts-81,0,0,0,0,0,0,0,0,0,0,0,0,0,0,0,0,0,0,0,0
3600,sts-81,0,0,0,0,0,0,0,0,0,0,0,0,0,0,0,0,0,0,0,0
3601,sts-81,0,0,0,0,0,0,0,0,0,0,0,0,0,0,0,0,0,0,0,0
3602,sts-81,0,0,0,0,0,0,0,0,0,0,0,0,0,0,0,0,0,0,0,0
3603,sts-81,0,0,0,0,0,0,0,0,0,0,0,0,0,0,0,0,0,0,0,0
3604,sts-82,0,0,0,0,0,0,0,0,0,0,0,0,0,0,0,0,0,0,0,0
3605,sts-82,0,0,0,0,0,0,0,0,0,0,0,0,0,0,0,0,0,0,0,0
3606,sts-82,0,0,0,0,0,0,0,0,0,0,0,0,0,0,0,0,0,0,0,0
3607,sts-82,0,0,0,0,0,0,0,0,0,0,0,0,0,0,0,0,0,0,0,0
3608,sts-82,0,0,0,0,0,0,0,0,0,0,0,0,0,0,0,0,0,0,0,0
3609,sts-82,0,0,0,0,0,0,0,0,0,0,0,0,0,0,0,0,0,0,0,0
3610,sts-82,0,0,0,0,0,0,0,0,0,0,0,0,0,0,0,0,0,0,0,0
3611,sts-82,0,0,0,0,0,0,0,0,0,0,0,0,0,0,0,0,0,0,0,0
3612,sts-82,0,0,0,0,0,0,0,0,0,0,0,0,0,0,0,0,0,0,0,0
3613,sts-82,0,0,0,0,0,0,0,0,0,0,0,0,0,0,0,0,0,0,0,0
3614,sts-82,0,0,0,0,0,0,0,0,0,0,0,0,0,0,0,0,0,0,0,0
3615,sts-82,0,0,0,0,0,0,0,0,0,0,0,0,0,0,0,0,0,0,0,0
3616,sts-82,0,0,0,0,0,0,0,0,0,0,0,0,0,0,0,0,0,0,0,0
3617,sts-82,0,0,0,0,0,0,0,0,0,0,0,0,0,0,0,0,0,0,0,0
3618,sts-82,0,0,0,0,0,0,0,0,0,0,0,0,0,0,0,0,0,0,0,0
3619,sts-82,0,0,0,0,0,0,0,0,0,0,0,0,0,0,0,0,0,0,0,0
3620,sts-82,0,0,0,0,0,0,0,0,0,0,0,0,0,0,0,0,0,0,0,0
3621,sts-82,0,0,0,0,0,0,0,0,0,0,0,0,0,0,0,0,0,0,0,0
3622,sts-83,0,0,0,0,0,0,0,0,0,0,0,0,0,0,0,0,0,0,0,0
3623,sts-83,0,0,0,0,0,0,0,0,0,0,0,0,0,0,0,0,0,0,0,0
3624,sts-83,0,0,0,0,0,0,0,0,0,0,0,0,0,0,0,0,0,0,0,0
3625,sts-83,0,0,0,0,0,0,0,0,0,0,0,0,0,0,0,0,0,0,0,0
3626,sts-83,0,0,0,0,0,0,0,0,0,0,0,0,0,0,0,0,0,0,0,0
3627,sts-83,0,0,0,0,0,0,0,0,0,0,0,0,0,0,0,0,0,0,0,0
3628,sts-83,0,0,0,0,0,0,0,0,0,0,0,0,0,0,0,0,0,0,0,0
3629,sts-83,0,0,0,0,0,0,0,0,0,0,0,0,0,0,0,0,0,0,0,0
3630,sts-83,0,0,0,0,0,0,0,0,0,0,0,0,0,0,0,0,0,0,0,0
3631,sts-83,0,0,0,0,0,0,0,0,0,0,0,0,0,0,0,0,0,0,0,0
3632,sts-83,0,0,0,0,0,0,0,0,0,0,0,0,0,0,0,0,0,0,0,0
3633,sts-83,0,0,0,0,0,0,0,0,0,0,0,0,0,0,0,0,0,0,0,0
3634,sts-83,0,0,0,0,0,0,0,0,0,0,0,0,0,0,0,0,0,0,0,0
3635,sts-83,0,0,0,0,0,0,0,0,0,0,0,0,0,0,0,0,0,0,0,0
3636,sts-84,0,0,0,0,0,0,0,0,0,0,0,0,0,0,0,0,0,0,0,0
3637,sts-84,0,0,0,0,0,0,0,0,0,0,0,0,0,0,0,0,0,0,0,0
3638,sts-84,0,0,0,0,0,0,0,0,0,0,0,0,0,0,0,0,0,0,0,0
3639,sts-84,0,0,0,0,0,0,0,0,0,0,0,0,0,0,0,0,0,0,0,0
3640,sts-84,0,0,0,0,0,0,0,0,0,0,0,0,0,0,0,0,0,0,0,0
3641,sts-84,0,0,0,0,0,0,0,0,0,0,0,0,0,0,0,0,0,0,0,0
3642,sts-84,0,0,0,0,0,0,0,0,0,0,0,0,0,0,0,0,0,0,0,0
3643,sts-84,0,0,0,0,0,0,0,0,0,0,0,0,0,0,0,0,0,0,0,0
3644,sts-84,0,0,0,0,0,0,0,0,0,0,0,0,0,0,0,0,0,0,0,0
3645,sts-84,0,0,0,0,0,0,0,0,0,0,0,0,0,0,0,0,0,0,0,0
3646,sts-84,0,0,0,0,0,0,0,0,0,0,0,0,0,0,0,0,0,0,0,0
3647,sts-84,0,0,0,0,0,0,0,0,0,0,0,0,0,0,0,0,0,0,0,0
3648,sts-84,0,0,0,0,0,0,0,0,0,0,0,0,0,0,0,0,0,0,0,0
3649,sts-84,0,0,0,0,0,0,0,0,0,0,0,0,0,0,0,0,0,0,0,0
3650,sts-84,0,0,0,0,0,0,0,0,0,0,0,0,0,0,0,0,0,0,0,0
3651,sts-84,0,0,0,0,0,0,0,0,0,0,0,0,0,0,0,0,0,0,0,0
3652,sts-84,0,0,0,0,0,0,0,0,0,0,0,0,0,0,0,0,0,0,0,0
3653,sts-84,0,0,0,0,0,0,0,0,0,0,0,0,0,0,0,0,0,0,0,0
3654,sts-94,0,0,0,0,0,0,0,0,0,0,0,0,0,0,0,0,0,0,0,0
3655,sts-94,0,0,0,0,0,0,0,0,0,0,0,0,0,0,0,0,0,0,0,0
3656,sts-94,0,0,0,0,0,0,0,0,0,0,0,0,0,0,0,0,0,0,0,0
3657,sts-94,0,0,0,0,0,0,0,0,0,0,0,0,0,0,0,0,0,0,0,0
3658,sts-94,0,0,0,0,0,0,0,0,0,0,0,0,0,0,0,0,0,0,0,0
3659,sts-94,0,0,0,0,0,0,0,0,0,0,0,0,0,0,0,0,0,0,0,0
3660,sts-94,0,0,0,0,0,0,0,0,0,0,0,0,0,0,0,0,0,0,0,0
3661,sts-94,0,0,0,0,0,0,0,0,0,0,0,0,0,0,0,0,0,0,0,0
3662,sts-94,0,0,0,0,0,0,0,0,0,0,0,0,0,0,0,0,0,0,0,0
3663,sts-94,0,0,0,0,0,0,0,0,0,0,0,0,0,0,0,0,0,0,0,0
3664,sts-94,0,0,0,0,0,0,0,0,0,0,0,0,0,0,0,0,0,0,0,0
3665,sts-94,0,0,0,0,0,0,0,0,0,0,0,0,0,0,0,0,0,0,0,0
3666,sts-94,0,0,0,0,0,0,0,0,0,0,0,0,0,0,0,0,0,0,0,0
3667,sts-94,0,0,0,0,0,0,0,0,0,0,0,0,0,0,0,0,0,0,0,0
3668,sts-94,0,0,0,0,0,0,0,0,0,0,0,0,0,0,0,0,0,0,0,0
3669,sts-94,0,0,0,0,0,0,0,0,0,0,0,0,0,0,0,0,0,0,0,0
3670,sts-94,0,0,0,0,0,0,0,0,0,0,0,0,0,0,0,0,0,0,0,0
3671,sts-94,0,0,0,0,0,0,0,0,0,0,0,0,0,0,0,0,0,0,0,0
3672,sts-94,0,0,0,0,0,0,0,0,0,0,0,0,0,0,0,0,0,0,0,0
3673,sts-94,0,0,0,0,0,0,0,0,0,0,0,0,0,0,0,0,0,0,0,0
3674,sts-94,0,0,0,0,0,0,0,0,0,0,0,0,0,0,0,0,0,0,0,0
3675,sts-94,0,0,0,0,0,0,0,0,0,0,0,0,0,0,0,0,0,0,0,0
3676,sts-94,0,0,0,0,0,0,0,0,0,0,0,0,0,0,0,0,0,0,0,0
3677,sts-94,0,0,0,0,0,0,0,0,0,0,0,0,0,0,0,0,0,0,0,0
3678,sts-85,0,0,0,0,0,0,0,0,0,0,0,0,0,0,0,0,0,0,0,0
3679,sts-85,0,0,0,0,0,0,0,0,0,0,0,0,0,0,0,0,0,0,0,0
3680,sts-85,0,0,0,0,0,0,0,0,0,0,0,0,0,0,0,0,0,0,0,0
3681,sts-85,0,0,0,0,0,0,0,0,0,0,0,0,0,0,0,0,0,0,0,0
3682,sts-85,0,0,0,0,0,0,0,0,0,0,0,0,0,0,0,0,0,0,0,0
3683,sts-85,0,0,0,0,0,0,0,0,0,0,0,0,0,0,0,0,0,0,0,0
3684,sts-85,0,0,0,0,0,0,0,0,0,0,0,0,0,0,0,0,0,0,0,0
3685,sts-85,0,0,0,0,0,0,0,0,0,0,0,0,0,0,0,0,0,0,0,0
3686,sts-85,0,0,0,0,0,0,0,0,0,0,0,0,0,0,0,0,0,0,0,0
3687,sts-85,0,0,0,0,0,0,0,0,0,0,0,0,0,0,0,0,0,0,0,0
3688,sts-85,0,0,0,0,0,0,0,0,0,0,0,0,0,0,0,0,0,0,0,0
3689,sts-85,0,0,0,0,0,0,0,0,0,0,0,0,0,0,0,0,0,0,0,0
3690,sts-85,0,0,0,0,0,0,0,0,0,0,0,0,0,0,0,0,0,0,0,0
3691,sts-85,0,0,0,0,0,0,0,0,0,0,0,0,0,0,0,0,0,0,0,0
3692,sts-85,0,0,0,0,0,0,0,0,0,0,0,0,0,0,0,0,0,0,0,0
3693,sts-85,0,0,0,0,0,0,0,0,0,0,0,0,0,0,0,0,0,0,0,0
3694,sts-85,0,0,0,0,0,0,0,0,0,0,0,0,0,0,0,0,0,0,0,0
3695,sts-85,0,0,0,0,0,0,0,0,0,0,0,0,0,0,0,0,0,0,0,0
3696,sts-85,0,0,0,0,0,0,0,0,0,0,0,0,0,0,0,0,0,0,0,0
3697,sts-85,0,0,0,0,0,0,0,0,0,0,0,0,0,0,0,0,0,0,0,0
3698,sts-86,0,0,0,0,0,0,0,0,0,0,0,0,0,0,0,0,0,0,0,0
3699,sts-86,0,0,0,0,0,0,0,0,0,0,0,0,0,0,0,0,0,0,0,0
3700,sts-86,0,0,0,0,0,0,0,0,0,0,0,0,0,0,0,0,0,0,0,0
3701,sts-86,0,0,0,0,0,0,0,0,0,0,0,0,0,0,0,0,0,0,0,0
3702,sts-86,0,0,0,0,0,0,0,0,0,0,0,0,0,0,0,0,0,0,0,0
3703,sts-86,0,0,0,0,0,0,0,0,0,0,0,0,0,0,0,0,0,0,0,0
3704,sts-86,0,0,0,0,0,0,0,0,0,0,0,0,0,0,0,0,0,0,0,0
3705,sts-86,0,0,0,0,0,0,0,0,0,0,0,0,0,0,0,0,0,0,0,0
3706,sts-86,0,0,0,0,0,0,0,0,0,0,0,0,0,0,0,0,0,0,0,0
3707,sts-86,0,0,0,0,0,0,0,0,0,0,0,0,0,0,0,0,0,0,0,0
3708,sts-86,0,0,0,0,0,0,0,0,0,0,0,0,0,0,0,0,0,0,0,0
3709,sts-86,0,0,0,0,0,0,0,0,0,0,0,0,0,0,0,0,0,0,0,0
3710,sts-86,0,0,0,0,0,0,0,0,0,0,0,0,0,0,0,0,0,0,0,0
3711,sts-86,0,0,0,0,0,0,0,0,0,0,0,0,0,0,0,0,0,0,0,0
3712,sts-86,0,0,0,0,0,0,0,0,0,0,0,0,0,0,0,0,0,0,0,0
3713,sts-86,0,0,0,0,0,0,0,0,0,0,0,0,0,0,0,0,0,0,0,0
3714,sts-86,0,0,0,0,0,0,0,0,0,0,0,0,0,0,0,0,0,0,0,0
3715,sts-86,0,0,0,0,0,0,0,0,0,0,0,0,0,0,0,0,0,0,0,0
3716,sts-86,0,0,0,0,0,0,0,0,0,0,0,0,0,0,0,0,0,0,0,0
3717,sts-87,0,0,0,0,0,0,0,0,0,0,0,0,0,0,0,0,0,0,0,0
3718,sts-87,0,0,0,0,0,0,0,0,0,0,0,0,0,0,0,0,0,0,0,0
3719,sts-87,0,0,0,0,0,0,0,0,0,0,0,0,0,0,0,0,0,0,0,0
3720,sts-87,0,0,0,0,0,0,0,0,0,0,0,0,0,0,0,0,0,0,0,0
3721,sts-87,0,0,0,0,0,0,0,0,0,0,0,0,0,0,0,0,0,0,0,0
3722,sts-87,0,0,0,0,0,0,0,0,0,0,0,0,0,0,0,0,0,0,0,0
3723,sts-87,0,0,0,0,0,0,0,0,0,0,0,0,0,0,0,0,0,0,0,0
3724,sts-87,0,0,0,0,0,0,0,0,0,0,0,0,0,0,0,0,0,0,0,0
3725,sts-87,0,0,0,0,0,0,0,0,0,0,0,0,0,0,0,0,0,0,0,0
3726,sts-87,0,0,0,0,0,0,0,0,0,0,0,0,0,0,0,0,0,0,0,0
3727,sts-87,0,0,0,0,0,0,0,0,0,0,0,0,0,0,0,0,0,0,0,0
3728,sts-87,0,0,0,0,0,0,0,0,0,0,0,0,0,0,0,0,0,0,0,0
3729,sts-87,0,0,0,0,0,0,0,0,0,0,0,0,0,0,0,0,0,0,0,0
3730,sts-87,0,0,0,0,0,0,0,0,0,0,0,0,0,0,0,0,0,0,0,0
3731,sts-87,0,0,0,0,0,0,0,0,0,0,0,0,0,0,0,0,0,0,0,0
3732,sts-87,0,0,0,0,0,0,0,0,0,0,0,0,0,0,0,0,0,0,0,0
3733,sts-87,0,0,0,0,0,0,0,0,0,0,0,0,0,0,0,0,0,0,0,0
3734,sts-87,0,0,0,0,0,0,0,0,0,0,0,0,0,0,0,0,0,0,0,0
3735,sts-87,0,0,0,0,0,0,0,0,0,0,0,0,0,0,0,0,0,0,0,0
3736,sts-87,0,0,0,0,0,0,0,0,0,0,0,0,0,0,0,0,0,0,0,0
3737,sts-87,0,0,0,0,0,0,0,0,0,0,0,0,0,0,0,0,0,0,0,0
3738,sts-87,0,0,0,0,0,0,0,0,0,0,0,0,0,0,0,0,0,0,0,0
3739,sts-87,0,0,0,0,0,0,0,0,0,0,0,0,0,0,0,0,0,0,0,0
3740,sts-87,0,0,0,0,0,0,0,0,0,0,0,0,0,0,0,0,0,0,0,0
3741,sts-87,0,0,0,0,0,0,0,0,0,0,0,0,0,0,0,0,0,0,0,0
3742,sts-87,0,0,0,0,0,0,0,0,0,0,0,0,0,0,0,0,0,0,0,0
3743,sts-89,0,0,0,0,0,0,0,0,0,0,0,0,0,0,0,0,0,0,0,0
3744,sts-89,0,0,0,0,0,0,0,0,0,0,0,0,0,0,0,0,0,0,0,0
3745,sts-89,0,0,0,0,0,0,0,0,0,0,0,0,0,0,0,0,0,0,0,0
3746,sts-89,0,0,0,0,0,0,0,0,0,0,0,0,0,0,0,0,0,0,0,0
3747,sts-89,0,0,0,0,0,0,0,0,0,0,0,0,0,0,0,0,0,0,0,0
3748,sts-89,0,0,0,0,0,0,0,0,0,0,0,0,0,0,0,0,0,0,0,0
3749,sts-89,0,0,0,0,0,0,0,0,0,0,0,0,0,0,0,0,0,0,0,0
3750,sts-89,0,0,0,0,0,0,0,0,0,0,0,0,0,0,0,0,0,0,0,0
3751,sts-89,0,0,0,0,0,0,0,0,0,0,0,0,0,0,0,0,0,0,0,0
3752,sts-89,0,0,0,0,0,0,0,0,0,0,0,0,0,0,0,0,0,0,0,0
3753,sts-89,0,0,0,0,0,0,0,0,0,0,0,0,0,0,0,0,0,0,0,0
3754,sts-89,0,0,0,0,0,0,0,0,0,0,0,0,0,0,0,0,0,0,0,0
3755,sts-89,0,0,0,0,0,0,0,0,0,0,0,0,0,0,0,0,0,0,0,0
3756,sts-89,0,0,0,0,0,0,0,0,0,0,0,0,0,0,0,0,0,0,0,0
3757,sts-89,0,0,0,0,0,0,0,0,0,0,0,0,0,0,0,0,0,0,0,0
3758,sts-89,0,0,0,0,0,0,0,0,0,0,0,0,0,0,0,0,0,0,0,0
3759,sts-90,0,0,0,0,0,0,0,0,0,0,0,0,0,0,0,0,0,0,0,0
3760,sts-90,0,0,0,0,0,0,0,0,0,0,0,0,0,0,0,0,0,0,0,0
3761,sts-90,0,0,0,0,0,0,0,0,0,0,0,0,0,0,0,0,0,0,0,0
3762,sts-90,0,0,0,0,0,0,0,0,0,0,0,0,0,0,0,0,0,0,0,0
3763,sts-90,0,0,0,0,0,0,0,0,0,0,0,0,0,0,0,0,0,0,0,0
3764,sts-90,0,0,0,0,0,0,0,0,0,0,0,0,0,0,0,0,0,0,0,0
3765,sts-90,0,0,0,0,0,0,0,0,0,0,0,0,0,0,0,0,0,0,0,0
3766,sts-90,0,0,0,0,0,0,0,0,0,0,0,0,0,0,0,0,0,0,0,0
3767,sts-90,0,0,0,0,0,0,0,0,0,0,0,0,0,0,0,0,0,0,0,0
3768,sts-90,0,0,0,0,0,0,0,0,0,0,0,0,0,0,0,0,0,0,0,0
3769,sts-90,0,0,0,0,0,0,0,0,0,0,0,0,0,0,0,0,0,0,0,0
3770,sts-90,0,0,0,0,0,0,0,0,0,0,0,0,0,0,0,0,0,0,0,0
3771,sts-90,0,0,0,0,0,0,0,0,0,0,0,0,0,0,0,0,0,0,0,0
3772,sts-90,0,0,0,0,0,0,0,0,0,0,0,0,0,0,0,0,0,0,0,0
3773,sts-90,0,0,0,0,0,0,0,0,0,0,0,0,0,0,0,0,0,0,0,0
3774,sts-90,0,0,0,0,0,0,0,0,0,0,0,0,0,0,0,0,0,0,0,0
3775,sts-90,0,0,0,0,0,0,0,0,0,0,0,0,0,0,0,0,0,0,0,0
3776,sts-90,0,0,0,0,0,0,0,0,0,0,0,0,0,0,0,0,0,0,0,0
3777,sts-90,0,0,0,0,0,0,0,0,0,0,0,0,0,0,0,0,0,0,0,0
3778,sts-90,0,0,0,0,0,0,0,0,0,0,0,0,0,0,0,0,0,0,0,0
3779,sts-90,0,0,0,0,0,0,0,0,0,0,0,0,0,0,0,0,0,0,0,0
3780,sts-90,0,0,0,0,0,0,0,0,0,0,0,0,0,0,0,0,0,0,0,0
3781,sts-90,0,0,0,0,0,0,0,0,0,0,0,0,0,0,0,0,0,0,0,0
3782,sts-90,0,0,0,0,0,0,0,0,0,0,0,0,0,0,0,0,0,0,0,0
3783,sts-91,0,0,0,0,0,0,0,0,0,0,0,0,0,0,0,0,0,0,0,0
3784,sts-91,0,0,0,0,0,0,0,0,0,0,0,0,0,0,0,0,0,0,0,0
3785,sts-91,0,0,0,0,0,0,0,0,0,0,0,0,0,0,0,0,0,0,0,0
3786,sts-91,0,0,0,0,0,0,0,0,0,0,0,0,0,0,0,0,0,0,0,0
3787,sts-91,0,0,0,0,0,0,0,0,0,0,0,0,0,0,0,0,0,0,0,0
3788,sts-91,0,0,0,0,0,0,0,0,0,0,0,0,0,0,0,0,0,0,0,0
3789,sts-91,0,0,0,0,0,0,0,0,0,0,0,0,0,0,0,0,0,0,0,0
3790,sts-91,0,0,0,0,0,0,0,0,0,0,0,0,0,0,0,0,0,0,0,0
3791,sts-91,0,0,0,0,0,0,0,0,0,0,0,0,0,0,0,0,0,0,0,0
3792,sts-91,0,0,0,0,0,0,0,0,0,0,0,0,0,0,0,0,0,0,0,0
3793,sts-95,0,0,0,0,0,0,0,0,0,0,0,0,0,0,0,0,0,0,0,0
3794,sts-95,0,0,0,0,0,0,0,0,0,0,0,0,0,0,0,0,0,0,0,0
3795,sts-95,0,0,0,0,0,0,0,0,0,0,0,0,0,0,0,0,0,0,0,0
3796,sts-95,0,0,0,0,0,0,0,0,0,0,0,0,0,0,0,0,0,0,0,0
3797,sts-95,0,0,0,0,0,0,0,0,0,0,0,0,0,0,0,0,0,0,0,0
3798,sts-95,0,0,0,0,0,0,0,0,0,0,0,0,0,0,0,0,0,0,0,0
3799,sts-95,0,0,0,0,0,0,0,0,0,0,0,0,0,0,0,0,0,0,0,0
3800,sts-88,0,0,0,0,0,0,0,0,0,0,0,0,0,0,0,0,0,0,0,0
3801,sts-88,0,0,0,0,0,0,0,0,0,0,0,0,0,0,0,0,0,0,0,0
3802,sts-88,0,0,0,0,0,0,0,0,0,0,0,0,0,0,0,0,0,0,0,0
3803,sts-88,0,0,0,0,0,0,0,0,0,0,0,0,0,0,0,0,0,0,0,0
3804,sts-88,0,0,0,0,0,0,0,0,0,0,0,0,0,0,0,0,0,0,0,0
3805,sts-88,0,0,0,0,0,0,0,0,0,0,0,0,0,0,0,0,0,0,0,0
3806,sts-88,0,0,0,0,0,0,0,0,0,0,0,0,0,0,0,0,0,0,0,0
3807,sts-88,0,0,0,0,0,0,0,0,0,0,0,0,0,0,0,0,0,0,0,0
3808,sts-88,0,0,0,0,0,0,0,0,0,0,0,0,0,0,0,0,0,0,0,0
3809,sts-88,0,0,0,0,0,0,0,0,0,0,0,0,0,0,0,0,0,0,0,0
3810,sts-96,0,0,0,0,0,0,0,0,0,0,0,0,0,0,0,0,0,0,0,0
3811,sts-96,0,0,0,0,0,0,0,0,0,0,0,0,0,0,0,0,0,0,0,0
3812,sts-96,0,0,0,0,0,0,0,0,0,0,0,0,0,0,0,0,0,0,0,0
3813,sts-96,0,0,0,0,0,0,0,0,0,0,0,0,0,0,0,0,0,0,0,0
3814,sts-96,0,0,0,0,0,0,0,0,0,0,0,0,0,0,0,0,0,0,0,0
3815,sts-96,0,0,0,0,0,0,0,0,0,0,0,0,0,0,0,0,0,0,0,0
3816,sts-96,0,0,0,0,0,0,0,0,0,0,0,0,0,0,0,0,0,0,0,0
3817,sts-96,0,0,0,0,0,0,0,0,0,0,0,0,0,0,0,0,0,0,0,0
3818,sts-96,0,0,0,0,0,0,0,0,0,0,0,0,0,0,0,0,0,0,0,0
3819,sts-96,0,0,0,0,0,0,0,0,0,0,0,0,0,0,0,0,0,0,0,0
3820,sts-96,0,0,0,0,0,0,0,0,0,0,0,0,0,0,0,0,0,0,0,0
3821,sts-96,0,0,0,0,0,0,0,0,0,0,0,0,0,0,0,0,0,0,0,0
3822,sts-96,0,0,0,0,0,0,0,0,0,0,0,0,0,0,0,0,0,0,0,0
3823,sts-96,0,0,0,0,0,0,0,0,0,0,0,0,0,0,0,0,0,0,0,0
3824,sts-96,0,0,0,0,0,0,0,0,0,0,0,0,0,0,0,0,0,0,0,0
3825,sts-96,0,0,0,0,0,0,0,0,0,0,0,0,0,0,0,0,0,0,0,0
3826,sts-96,0,0,0,0,0,0,0,0,0,0,0,0,0,0,0,0,0,0,0,0
3827,sts-96,0,0,0,0,0,0,0,0,0,0,0,0,0,0,0,0,0,0,0,0
3828,sts-96,0,0,0,0,0,0,0,0,0,0,0,0,0,0,0,0,0,0,0,0
3829,sts-93,0,0,0,0,0,0,0,0,0,0,0,0,0,0,0,0,0,0,0,0
3830,sts-93,0,0,0,0,0,0,0,0,0,0,0,0,0,0,0,0,0,0,0,0
3831,sts-93,0,0,0,0,0,0,0,0,0,0,0,0,0,0,0,0,0,0,0,0
3832,sts-93,0,0,0,0,0,0,0,0,0,0,0,0,0,0,0,0,0,0,0,0
3833,sts-93,0,0,0,0,0,0,0,0,0,0,0,0,0,0,0,0,0,0,0,0
3834,sts-93,0,0,0,0,0,0,0,0,0,0,0,0,0,0,0,0,0,0,0,0
3835,sts-93,0,0,0,0,0,0,0,0,0,0,0,0,0,0,0,0,0,0,0,0
3836,sts-93,0,0,0,0,0,0,0,0,0,0,0,0,0,0,0,0,0,0,0,0
3837,sts-93,0,0,0,0,0,0,0,0,0,0,0,0,0,0,0,0,0,0,0,0
3838,sts-93,0,0,0,0,0,0,0,0,0,0,0,0,0,0,0,0,0,0,0,0
3839,sts-93,0,0,0,0,0,0,0,0,0,0,0,0,0,0,0,0,0,0,0,0
3840,sts-93,0,0,0,0,0,0,0,0,0,0,0,0,0,0,0,0,0,0,0,0
3841,sts-93,0,0,0,0,0,0,0,0,0,0,0,0,0,0,0,0,0,0,0,0
3842,sts-93,0,0,0,0,0,0,0,0,0,0,0,0,0,0,0,0,0,0,0,0
3843,sts-93,0,0,0,0,0,0,0,0,0,0,0,0,0,0,0,0,0,0,0,0
4000,apollo 1,0,0,0,0,0,0,0,0,0,0,0,0,0,0,0,0,1,0,0,0
4001,apollo 1,0,0,0,0,0,0,0,0,0,0,0,0,0,0,0,0,1,0,0,0
4002,apollo 1,0,0,0,0,0,0,0,0,0,0,0,0,0,0,0,0,1,0,0,0
4003,apollo 1,0,0,0,0,0,0,0,0,0,0,0,0,0,0,0,0,1,0,0,0
4004,apollo 1,0,0,0,0,0,0,0,0,0,0,0,0,0,0,0,0,1,0,0,0
4005,apollo 1,0,0,0,0,0,0,0,0,0,0,0,0,0,0,0,0,1,0,0,0
4006,apollo 1,0,0,0,0,0,0,0,0,0,0,0,0,0,0,0,0,1,0,0,0
4007,apollo 1,0,0,0,0,0,0,0,0,0,0,0,0,0,0,0,0,1,0,0,0
4008,apollo 1,0,0,0,0,0,0,0,0,0,0,0,0,0,0,0,0,1,0,0,0
4009,apollo 1,0,0,0,0,0,0,0,0,0,0,0,0,0,0,0,0,1,0,0,0
4010,apollo 1,0,0,0,0,0,0,0,0,0,0,0,0,0,0,0,0,1,0,0,0
4011,apollo 1,0,0,0,0,0,0,0,0,0,0,0,0,0,0,0,0,1,0,0,0
4012,apollo 1,0,0,0,0,0,0,0,0,0,0,0,0,0,0,0,0,1,0,0,0
4013,apollo 1,0,0,0,0,0,0,0,0,0,0,0,0,0,0,0,0,1,0,0,0
4014,apollo 1,0,0,0,0,0,0,0,0,0,0,0,0,0,0,0,0,1,0,0,0
4015,apollo 1,0,0,0,0,0,0,0,0,0,0,0,0,0,0,0,0,1,0,0,0
4016,apollo 1,0,0,0,0,0,0,0,0,0,0,0,0,0,0,0,0,1,0,0,0
4017,apollo 7,0,0,0,0,0,0,0,0,0,0,0,0,0,0,0,0,0,0,0,0
4018,apollo 7,0,0,0,0,0,0,0,0,0,0,0,0,0,0,0,0,0,0,0,0
4019,apollo 7,0,0,0,0,0,0,0,0,0,0,0,0,0,0,0,0,0,0,0,0
4020,apollo 7,0,0,0,0,0,0,0,0,0,0,0,0,0,0,0,0,0,0,0,0
4021,apollo 7,0,0,0,0,0,0,0,0,0,0,0,0,0,0,0,0,0,0,0,0
4022,apollo 7,0,0,0,0,0,0,0,0,0,0,0,0,0,0,0,0,0,0,0,0
4023,apollo 7,0,0,0,0,0,0,0,0,0,0,0,0,0,0,0,0,0,0,0,0
4024,apollo 7,0,0,0,0,0,0,0,0,0,0,0,0,0,0,0,0,0,0,0,0
4025,apollo 7,0,0,0,0,0,0,0,0,0,0,0,0,0,0,0,0,0,0,0,0
4026,apollo 7,0,0,0,0,0,0,0,0,0,0,0,0,0,0,0,0,0,0,0,0
4027,apollo 7,0,0,0,0,0,0,0,0,0,0,0,0,0,0,0,0,0,0,0,0
4028,apollo 7,0,0,0,0,0,0,0,0,0,0,0,0,0,0,0,0,0,0,0,0
4029,apollo 7,0,0,0,0,0,0,0,0,0,0,0,0,0,0,0,0,0,0,0,0
4030,apollo 7,0,0,0,0,0,0,0,0,0,0,0,0,0,0,0,0,0,0,0,0
4031,apollo 8,0,0,0,0,0,0,0,0,0,0,0,0,0,0,0,0,0,0,0,0
4032,apollo 8,0,0,0,0,0,0,0,0,0,0,0,0,0,0,0,0,0,0,0,0
4033,apollo 8,0,0,0,0,0,0,0,0,0,0,0,0,0,0,0,0,0,0,0,0
4034,apollo 8,0,0,0,0,0,0,0,0,0,0,0,0,0,0,0,0,0,0,0,0
4035,apollo 8,0,0,0,0,0,0,0,0,0,0,0,0,0,0,0,0,0,0,0,0
4036,apollo 8,0,0,0,0,0,0,0,0,0,0,0,0,0,0,0,0,0,0,0,0
4037,apollo 8,0,0,0,0,0,0,0,0,0,0,0,0,0,0,0,0,0,0,0,0
4038,apollo 8,0,0,0,0,0,0,0,0,0,0,0,0,0,0,0,0,0,0,0,0
4039,apollo 8,0,0,0,0,0,0,0,0,0,0,0,0,0,0,0,0,0,0,0,0
4040,apollo 8,0,0,0,0,0,0,0,0,0,0,0,0,0,0,0,0,0,0,0,0
4041,apollo 9,0,0,0,0,0,0,0,0,0,0,0,0,0,0,0,0,0,0,0,0
4042,apollo 9,0,0,0,0,0,0,0,0,0,0,0,0,0,0,0,0,0,0,0,0
4043,apollo 9,0,0,0,0,0,0,0,0,0,0,0,0,0,0,0,0,0,0,0,0
4044,apollo 9,0,0,0,0,0,0,0,0,0,0,0,0,0,0,0,0,0,0,0,0
4045,apollo 9,0,0,0,0,0,0,0,0,0,0,0,0,0,0,0,0,0,0,0,0
4046,apollo 9,0,0,0,0,0,0,0,0,0,0,0,0,0,0,0,0,0,0,0,0
4047,apollo 9,0,0,0,0,0,0,0,0,0,0,0,0,0,0,0,0,0,0,0,0
4048,apollo 9,0,0,0,0,0,0,0,0,0,0,0,0,0,0,0,0,0,0,0,0
4049,apollo 10,0,0,0,0,0,0,0,0,0,0,0,0,0,0,0,0,0,0,0,0
4050,apollo 10,0,0,0,0,0,0,0,0,0,0,0,0,0,0,0,0,0,0,0,0
4051,apollo 10,0,0,0,0,0,0,0,0,0,0,0,0,0,0,0,0,0,0,0,0
4052,apollo 10,0,0,0,0,0,0,0,0,0,0,0,0,0,0,0,0,0,0,0,0
4053,apollo 10,0,0,0,0,0,0,0,0,0,0,0,0,0,0,0,0,0,0,0,0
4054,apollo 10,0,0,0,0,0,0,0,0,0,0,0,0,0,0,0,0,0,0,0,0
4055,apollo 10,0,0,0,0,0,0,0,0,0,0,0,0,0,0,0,0,0,0,0,0
4056,apollo 10,0,0,0,0,0,0,0,0,0,0,0,0,0,0,0,0,0,0,0,0
4057,apollo 10,0,0,0,0,0,0,0,0,0,0,0,0,0,0,0,0,0,0,0,0
4058,apollo 10,0,0,0,0,0,0,0,0,0,0,0,0,0,0,0,0,0,0,0,0
4059,apollo 11,0,0,0,0,0,0,0,0,0,0,0,0,0,0,0,0,0,1,0,0
4060,apollo 11,0,0,0,0,0,0,0,0,0,0,0,0,0,0,0,0,0,1,0,0
4061,apollo 11,0,0,0,0,0,0,0,0,0,0,0,0,0,0,0,0,0,1,0,0
4062,apollo 11,0,0,0,0,0,0,0,0,0,0,0,0,0,0,0,0,0,1,0,0
4063,apollo 11,0,0,0,0,0,0,0,0,0,0,0,0,0,0,0,0,0,1,0,0
4064,apollo 11,0,0,0,0,0,0,0,0,0,0,0,0,0,0,0,0,0,1,0,0
4065,apollo 11,0,0,0,0,0,0,0,0,0,0,0,0,0,0,0,0,0,1,0,0
4066,apollo 11,0,0,0,0,0,0,0,0,0,0,0,0,0,0,0,0,0,1,0,0
4067,apollo 11,0,0,0,0,0,0,0,0,0,0,0,0,0,0,0,0,0,1,0,0
4068,apollo 11,0,0,0,0,0,0,0,0,0,0,0,0,0,0,0,0,0,1,0,0
4069,apollo 11,0,0,0,0,0,0,0,0,0,0,0,0,0,0,0,0,0,1,0,0
4070,apollo 11,0,0,0,0,0,0,0,0,0,0,0,0,0,0,0,0,0,1,0,0
4071,apollo 11,0,0,0,0,0,0,0,0,0,0,0,0,0,0,0,0,0,1,0,0
4072,apollo 11,0,0,0,0,0,0,0,0,0,0,0,0,0,0,0,0,0,1,0,0
4073,apollo 12,0,0,0,0,0,0,0,0,0,0,0,0,0,0,0,0,0,0,0,0
4074,apollo 12,0,0,0,0,0,0,0,0,0,0,0,0,0,0,0,0,0,0,0,0
4075,apollo 12,0,0,0,0,0,0,0,0,0,0,0,0,0,0,0,0,0,0,0,0
4076,apollo 12,0,0,0,0,0,0,0,0,0,0,0,0,0,0,0,0,0,0,0,0
4077,apollo 12,0,0,0,0,0,0,0,0,0,0,0,0,0,0,0,0,0,0,0,0
4078,apollo 12,0,0,0,0,0,0,0,0,0,0,0,0,0,0,0,0,0,0,0,0
4079,apollo 12,0,0,0,0,0,0,0,0,0,0,0,0,0,0,0,0,0,0,0,0
4080,apollo 12,0,0,0,0,0,0,0,0,0,0,0,0,0,0,0,0,0,0,0,0
4081,apollo 12,0,0,0,0,0,0,0,0,0,0,0,0,0,0,0,0,0,0,0,0
4082,apollo 13,0,0,0,0,0,0,0,0,0,0,0,0,0,0,0,0,0,0,0,0
4083,apollo 13,0,0,0,0,0,0,0,0,0,0,0,0,0,0,0,0,0,0,0,0
4084,apollo 13,0,0,0,0,0,0,0,0,0,0,0,0,0,0,0,0,0,0,0,0
4085,apollo 13,0,0,0,0,0,0,0,0,0,0,0,0,0,0,0,0,0,0,0,0
4086,apollo 13,0,0,0,0,0,0,0,0,0,0,0,0,0,0,0,0,0,0,0,0
4087,apollo 13,0,0,0,0,0,0,0,0,0,0,0,0,0,0,0,0,0,0,0,0
4088,apollo 13,0,0,0,0,0,0,0,0,0,0,0,0,0,0,0,0,0,0,0,0
4089,apollo 13,0,0,0,0,0,0,0,0,0,0,0,0,0,0,0,0,0,0,0,0
4090,apollo 13,0,0,0,0,0,0,0,0,0,0,0,0,0,0,0,0,0,0,0,0
4091,apollo 13,0,0,0,0,0,0,0,0,0,0,0,0,0,0,0,0,0,0,0,0
4092,apollo 13,0,0,0,0,0,0,0,0,0,0,0,0,0,0,0,0,0,0,0,0
4093,apollo 13,0,0,0,0,0,0,0,0,0,0,0,0,0,0,0,0,0,0,0,0
4094,apollo 13,0,0,0,0,0,0,0,0,0,0,0,0,0,0,0,0,0,0,0,0
4095,apollo 13,0,0,0,0,0,0,0,0,0,0,0,0,0,0,0,0,0,0,0,0
4096,apollo 13,0,0,0,0,0,0,0,0,0,0,0,0,0,0,0,0,0,0,0,0
4097,apollo 13,0,0,0,0,0,0,0,0,0,0,0,0,0,0,0,0,0,0,0,0
4098,apollo 13,0,0,0,0,0,0,0,0,0,0,0,0,0,0,0,0,0,0,0,0
4099,apollo 14,0,0,0,0,0,0,0,0,0,0,0,0,0,0,0,0,0,0,0,0
4100,apollo 14,0,0,0,0,0,0,0,0,0,0,0,0,0,0,0,0,0,0,0,0
4101,apollo 14,0,0,0,0,0,0,0,0,0,0,0,0,0,0,0,0,0,0,0,0
4102,apollo 14,0,0,0,0,0,0,0,0,0,0,0,0,0,0,0,0,0,0,0,0
4103,apollo 14,0,0,0,0,0,0,0,0,0,0,0,0,0,0,0,0,0,0,0,0
4104,apollo 14,0,0,0,0,0,0,0,0,0,0,0,0,0,0,0,0,0,0,0,0
4105,apollo 14,0,0,0,0,0,0,0,0,0,0,0,0,0,0,0,0,0,0,0,0
4106,apollo 14,0,0,0,0,0,0,0,0,0,0,0,0,0,0,0,0,0,0,0,0
4107,apollo 14,0,0,0,0,0,0,0,0,0,0,0,0,0,0,0,0,0,0,0,0
4108,apollo 14,0,0,0,0,0,0,0,0,0,0,0,0,0,0,0,0,0,0,0,0
4109,apollo 14,0,0,0,0,0,0,0,0,0,0,0,0,0,0,0,0,0,0,0,0
4110,apollo 14,0,0,0,0,0,0,0,0,0,0,0,0,0,0,0,0,0,0,0,0
4111,apollo 14,0,0,0,0,0,0,0,0,0,0,0,0,0,0,0,0,0,0,0,0
4112,apollo 14,0,0,0,0,0,0,0,0,0,0,0,0,0,0,0,0,0,0,0,0
4113,apollo 15,0,0,0,0,0,0,0,0,0,0,0,0,0,0,0,0,0,0,0,0
4114,apollo 15,0,0,0,0,0,0,0,0,0,0,0,0,0,0,0,0,0,0,0,0
4115,apollo 15,0,0,0,0,0,0,0,0,0,0,0,0,0,0,0,0,0,0,0,0
4116,apollo 15,0,0,0,0,0,0,0,0,0,0,0,0,0,0,0,0,0,0,0,0
4117,apollo 15,0,0,0,0,0,0,0,0,0,0,0,0,0,0,0,0,0,0,0,0
4118,apollo 15,0,0,0,0,0,0,0,0,0,0,0,0,0,0,0,0,0,0,0,0
4119,apollo 15,0,0,0,0,0,0,0,0,0,0,0,0,0,0,0,0,0,0,0,0
4120,apollo 15,0,0,0,0,0,0,0,0,0,0,0,0,0,0,0,0,0,0,0,0
4121,apollo 15,0,0,0,0,0,0,0,0,0,0,0,0,0,0,0,0,0,0,0,0
4122,apollo 15,0,0,0,0,0,0,0,0,0,0,0,0,0,0,0,0,0,0,0,0
4123,apollo 15,0,0,0,0,0,0,0,0,0,0,0,0,0,0,0,0,0,0,0,0
4124,apollo 15,0,0,0,0,0,0,0,0,0,0,0,0,0,0,0,0,0,0,0,0
4125,apollo 16,0,0,0,0,0,0,0,0,0,0,0,0,0,0,0,0,0,0,0,0
4126,apollo 16,0,0,0,0,0,0,0,0,0,0,0,0,0,0,0,0,0,0,0,0
4127,apollo 16,0,0,0,0,0,0,0,0,0,0,0,0,0,0,0,0,0,0,0,0
4128,apollo 16,0,0,0,0,0,0,0,0,0,0,0,0,0,0,0,0,0,0,0,0
4129,apollo 16,0,0,0,0,0,0,0,0,0,0,0,0,0,0,0,0,0,0,0,0
4130,apollo 16,0,0,0,0,0,0,0,0,0,0,0,0,0,0,0,0,0,0,0,0
4131,apollo 16,0,0,0,0,0,0,0,0,0,0,0,0,0,0,0,0,0,0,0,0
4132,apollo 16,0,0,0,0,0,0,0,0,0,0,0,0,0,0,0,0,0,0,0,0
4133,apollo 16,0,0,0,0,0,0,0,0,0,0,0,0,0,0,0,0,0,0,0,0
4134,apollo 16,0,0,0,0,0,0,0,0,0,0,0,0,0,0,0,0,0,0,0,0
4135,apollo 17,0,0,0,0,0,0,0,0,0,0,0,0,0,0,0,0,0,0,0,0
4136,apollo 17,0,0,0,0,0,0,0,0,0,0,0,0,0,0,0,0,0,0,0,0
4137,apollo 17,0,0,0,0,0,0,0,0,0,0,0,0,0,0,0,0,0,0,0,0
4138,apollo 17,0,0,0,0,0,0,0,0,0,0,0,0,0,0,0,0,0,0,0,0
4139,apollo 17,0,0,0,0,0,0,0,0,0,0,0,0,0,0,0,0,0,0,0,0
4140,apollo 17,0,0,0,0,0,0,0,0,0,0,0,0,0,0,0,0,0,0,0,0
4141,apollo 17,0,0,0,0,0,0,0,0,0,0,0,0,0,0,0,0,0,0,0,0
4142,apollo 17,0,0,0,0,0,0,0,0,0,0,0,0,0,0,0,0,0,0,0,0
4143,apollo 17,0,0,0,0,0,0,0,0,0,0,0,0,0,0,0,0,0,0,0,0
4144,apollo 17,0,0,0,0,0,0,0,0,0,0,0,0,0,0,0,0,0,0,0,0
4145,saturn rocket,0,0,0,0,0,0,0,0,0,0,0,0,0,0,0,0,0,0,0,0
4146,saturn rocket,0,0,0,0,0,0,0,0,0,0,0,0,0,0,0,0,0,0,0,0
4147,saturn rocket,0,0,0,0,0,0,0,0,0,0,0,0,0,0,0,0,0,0,0,0
4148,saturn rocket,0,0,0,0,0,0,0,0,0,0,0,0,0,0,0,0,0,0,0,0
4149,saturn rocket,0,0,0,0,0,0,0,0,0,0,0,0,0,0,0,0,0,0,0,0
4150,saturn rocket,0,0,0,0,0,0,0,0,0,0,0,0,0,0,0,0,0,0,0,0
4151,saturn rocket,0,0,0,0,0,0,0,0,0,0,0,0,0,0,0,0,0,0,0,0
4152,moon laanding,0,0,0,0,0,0,0,0,0,0,0,0,0,0,0,0,0,1,0,0
4153,moon laanding,0,0,0,0,0,0,0,0,0,0,0,0,0,0,0,0,0,1,0,0
4154,moon laanding,0,0,0,0,0,0,0,0,0,0,0,0,0,0,0,0,0,1,0,0
4500,international space station,0,0,0,0,0,0,0,0,0,0,0,0,0,0,0,0,0,0,0,1
4501,international space station,0,0,0,0,0,0,0,0,0,0,0,0,0,0,0,0,0,0,0,1
4502,international space station,0,0,0,0,0,0,0,0,0,0,0,0,0,0,0,0,0,0,0,1
4503,international space station,0,0,0,0,0,0,0,0,0,0,0,0,0,0,0,0,0,0,0,1
4504,international space station,0,0,0,0,0,0,0,0,0,0,0,0,0,0,0,0,0,0,0,1
4505,international space station,0,0,0,0,0,0,0,0,0,0,0,0,0,0,0,0,0,0,0,1
4506,international space station,0,0,0,0,0,0,0,0,0,0,0,0,0,0,0,0,0,0,0,1
4507,international space station,0,0,0,0,0,0,0,0,0,0,0,0,0,0,0,0,0,0,0,1
4508,international space station,0,0,0,0,0,0,0,0,0,0,0,0,0,0,0,0,0,0,0,1
4509,international space station,0,0,0,0,0,0,0,0,0,0,0,0,0,0,0,0,0,0,0,1
4510,international space station,0,0,0,0,0,0,0,0,0,0,0,0,0,0,0,0,0,0,0,1
4511,international space station,0,0,0,0,0,0,0,0,0,0,0,0,0,0,0,0,0,0,0,1
4512,international space station,0,0,0,0,0,0,0,0,0,0,0,0,0,0,0,0,0,0,0,1
4513,hubble space telescope,0,0,0,0,0,0,0,0,0,0,0,0,0,0,0,0,0,0,1,0
4514,hubble space telescope,0,0,0,0,0,0,0,0,0,0,0,0,0,0,0,0,0,0,1,0
4515,hubble space telescope,0,0,0,0,0,0,0,0,0,0,0,0,0,0,0,0,0,0,1,0
4516,hubble space telescope,0,0,0,0,0,0,0,0,0,0,0,0,0,0,0,0,0,0,1,0
4517,hubble space telescope,0,0,0,0,0,0,0,0,0,0,0,0,0,0,0,0,0,0,1,0
4518,hubble space telescope,0,0,0,0,0,0,0,0,0,0,0,0,0,0,0,0,0,0,1,0
4519,hubble space telescope,0,0,0,0,0,0,0,0,0,0,0,0,0,0,0,0,0,0,1,0
4520,hubble space telescope,0,0,0,0,0,0,0,0,0,0,0,0,0,0,0,0,0,0,1,0
4521,hubble space telescope,0,0,0,0,0,0,0,0,0,0,0,0,0,0,0,0,0,0,1,0
4522,hubble space telescope,0,0,0,0,0,0,0,0,0,0,0,0,0,0,0,0,0,0,1,0